benchmark,blocks,nets,avg_fanout,max_fanout,timing_nodes,timing_edges,timing_levels,clb_blocks,dsp_blocks,spram_blocks,io_blocks
c432_NR1400,295,288,2.0,24.0,863,1143,18,15,0,0,183
bnand_DW1024,1334,1333,1.0,1.0,2666,2665,12,47,0,0,1025
max_default,1476,1346,2.8,130.0,5122,7422,70,103,0,0,642
shiftl_DW256,1748,1492,4.1,293.0,7541,11842,12,161,0,0,520
csa32_DW1024,7168,5120,1.6,2.0,13312,14336,4,1024,0,0,5120
muxpri_DW16_N16,436,419,1.8,29.0,1175,1495,12,20,0,0,289
proxy.s0p1.75,15284,15633,3.7,3442.0,73183,138343,32,1517,12,3,360
S641,139,115,2.4,17.0,392,530,14,13,0,0,60
ramdp_AW12_DW16,207145,207113,4.2,65568.0,1071432,1728606,18,15629,0,0,93
muxhot_DW1024_N4,7172,6148,1.7,1024.0,16388,19456,6,205,0,0,5124
dotprod_DW256_N16,113410,152430,3.2,192.0,646520,3100336,236,12467,864,0,8452
fixed__small__syr2k,3931,4426,2.7,1663.0,16530,52198,42,290,18,0,379
ramdp_AW8_DW8,6165,6149,4.2,2064.0,32202,52090,14,470,0,0,53
rambyte_AW10_DW128,311803,311675,4.3,131200.0,1644551,2665624,16,18178,0,0,284
pipeline_DW512_N16,17446,16933,3.4,8208.0,74376,114373,6,824,0,0,1029
muxhot_DW64_N64,6674,6610,1.6,64.0,17252,21220,10,309,0,0,4224
gcm-aes,7329,7193,3.8,1729.0,34680,54838,54,598,0,0,403
muxpri_DW8_N2,36,27,1.6,9.0,70,77,4,2,0,0,27
shiftb_DW8,51,43,3.8,20.0,206,318,8,3,0,0,21
multiclock_separate_and_latch,12,10,1.0,1.0,20,18,4,2,0,0,8
fixed__small__durbin,13267,13525,3.1,5240.0,54947,97032,42,940,11,0,159
proxy.s0p1.24,30287,32637,2.7,13159.0,121750,275592,30,2063,47,10,563
proxy.s0p1.28,216213,230765,3.2,70684.0,967176,2107476,40,18340,344,47,716
abs_DW128,442,314,2.8,127.0,1208,1660,50,27,0,0,256
csa42_DW64,578,449,2.1,4.0,1410,1793,6,23,0,0,386
cache_AW64_DW64_INDEXW4,308,362,1.6,72.0,1274,7754,12,15,0,4,197
unreg,68,52,2.2,16.0,164,208,4,3,0,0,52
cmp_DW256,879,876,2.0,4.0,2605,3455,14,43,0,0,515
counter_DW128,465,337,3.6,128.0,1567,2332,16,29,0,0,131
proxy.s0p1.100,89419,97059,3.0,34859.0,401930,874022,40,6615,111,496,2464
firprog_ACCW8_DW8_N4,165,185,2.9,84.0,726,2110,16,11,2,0,51
bin2gray_DW16,47,31,1.5,2.0,77,76,4,3,0,0,32
ramspnc_AW6_DW1024,168315,167291,3.1,66560.0,681515,1027424,12,10465,0,0,2057
rom_AW8_DW256,778,522,2.5,256.0,1810,2320,6,43,0,0,266
muxpri_DW256_N8,3322,3065,1.7,322.0,8376,10365,8,105,0,0,2313
c499_CS1280,319,287,2.1,23.0,887,1168,14,14,0,0,201
fifosync_AW12_DW32,318080,318045,3.2,131142.0,1344567,2053009,20,19341,0,0,71
mux_DW8_N128,1390,1382,1.5,256.0,3466,4160,10,45,0,0,1039
regfile_AW8_DW128_RP8_WP1,209743,208719,4.2,32768.0,1092528,1766594,16,18875,0,0,1234
sum_DW512_N8,16028,15513,2.9,21.0,61042,90543,206,1419,0,0,4611
pipeline_DW128_N32,8518,8389,3.4,4128.0,37256,57605,6,416,0,0,261
c432_RN320,143,136,2.3,10.0,451,623,20,8,0,0,75
fixed__small__mvt,1272,1231,2.7,434.0,4568,9860,34,98,3,0,279
relu_DW256,852,596,3.6,256.0,2714,3980,10,49,0,0,512
lfsr_DW32_LFSRW63,222,127,1.6,3.0,326,303,4,28,0,0,190
addsub_DW64,479,415,2.8,67.0,1575,2256,40,38,0,0,193
binv_DW128,384,256,1.0,1.0,512,384,4,128,0,0,256
cm42a,24,14,3.6,10.0,64,90,4,2,0,0,14
ramasync_AW8_DW16,9916,9900,3.0,4096.0,39867,59918,14,591,0,0,42
muxhot_DW128_N16,3102,2974,1.7,128.0,7980,9884,8,128,0,0,2192
sha_core_512,8229,8192,4.1,2226.0,41471,66521,70,689,0,0,76
crossbar_DW64_N64,185292,181196,4.3,128.0,962560,1558632,50,19513,0,0,12288
round_DW1024_FW512,2946,1922,2.3,511.0,6415,7962,128,154,0,0,2048
sum_DW8_N16,351,339,2.9,8.0,1308,1926,30,26,0,0,140
c432_SL1280,283,276,1.8,12.0,781,1003,24,13,0,0,171
shiftb_DW256,3135,2879,5.0,702.0,17179,28344,12,317,0,0,522
rambyte_AW4_DW64,2646,2582,4.1,1088.0,13094,20960,10,157,0,0,142
sum_DW8_N8,168,157,2.9,8.0,611,897,20,11,0,0,75
fixed__mini__jacobi_1d,14338,14317,3.6,3864.0,65165,106643,60,1236,3,0,290
fixed__small__correlation,34556,34549,3.1,17891.0,141620,224444,44,3489,8,0,403
ramasync_AW8_DW64,38992,38928,3.0,16384.0,156080,234240,14,2358,0,0,138
proxy.s0p1.65,150264,160991,3.3,46211.0,687138,1550275,40,13317,262,41,443
proxy.s0p1.29,115802,122671,3.0,46482.0,491239,1014689,36,8500,165,78,931
ramsdp_AW6_DW8,1318,1310,3.0,520.0,5261,7894,12,80,0,0,32
video_systems_qnr,2367,2349,3.3,725.0,10039,15362,24,207,0,0,42
dotprod_DW32_N32,4964,6655,2.6,896.0,23743,117659,82,327,64,0,2085
c880_NR2440,514,488,1.9,12.0,1404,1806,16,23,0,0,330
proxy.s0p1.15,85471,90735,3.0,30785.0,374663,804300,40,6376,114,274,3868
band_DW32,42,41,1.0,1.0,82,81,8,1,0,0,33
uart_default,1784,1746,3.4,574.0,7755,11980,14,137,0,0,62
fixed__medium__mvt,1438,1385,2.8,505.0,5206,10816,34,107,3,0,291
fifosync_AW10_DW256,630483,630224,3.0,262432.0,2549082,3837457,16,37957,0,0,519
proxy.s0p15.69,130863,137944,3.2,46603.0,574700,1159763,40,10495,189,55,471
crossbar_DW512_N4,8208,6160,3.3,512.0,26640,38912,6,411,0,0,4112
chip_bridge_chip_bridge,13903,14416,3.0,3826.0,60211,128617,16,1026,0,26,474
mux_DW1024_N4,6146,5122,1.4,1024.0,12290,13312,4,171,0,0,5122
softmax,25773,25799,3.3,9525.0,111016,176796,22,2000,8,0,552
bor_DW256,317,316,1.0,1.0,632,631,10,14,0,0,257
rambyte_AW8_DW16,10217,10201,3.0,4112.0,41289,62160,14,640,0,0,44
crossbar_DW256_N4,4112,3088,3.3,256.0,13328,19456,6,206,0,0,2064
mulreg_DW16_OW32,131,130,1.5,64.0,327,1509,6,12,1,0,65
ramsp_AW6_DW32,75,74,1.1,8.0,239,1847,4,1,0,1,72
adder256,1570,1313,2.3,7.0,4371,5859,120,114,0,0,769
proxy.s0p15.52,48222,50975,3.3,14880.0,222283,446343,34,4291,57,85,647
mux_DW64_N4,386,322,1.4,64.0,770,832,4,11,0,0,322
sum_DW128_N16,7041,6909,3.1,11.0,27995,42040,136,598,0,0,2180
S510,64,57,3.4,23.0,253,385,10,4,0,0,27
band_DW16,22,21,1.0,1.0,42,41,6,1,0,0,17
mkPktMerge,739,1030,1.6,156.0,3717,27556,10,36,0,12,467
pipeline_DW256_N128,66310,66053,3.5,32896.0,296200,460037,6,3301,0,0,517
adder4bit_3,20,15,2.1,3.0,46,57,6,1,0,0,14
proxy.s0p1.38,90999,96542,3.1,35404.0,400456,815761,40,7079,161,113,271
ramasync_AW8_DW512,309777,309265,3.0,131072.0,1238324,1857606,14,18097,0,0,1034
C432,91,84,2.8,7.0,323,471,18,6,0,0,43
mult16a,56,55,2.6,19.0,196,281,43,5,0,0,18
fifosync_AW8_DW16,10104,10085,3.7,4138.0,46973,73757,14,617,0,0,39
inc_DW64,205,141,2.7,7.0,526,706,28,14,0,0,128
fixed__small__jacobi_1d,1211,1157,3.0,345.0,4632,8588,36,75,1,0,232
add_DW1024,7789,6764,2.9,24.0,26111,37669,86,658,0,0,3074
bin2prio_DW8,26,17,2.5,7.0,60,77,6,2,0,0,17
rambyte_AW8_DW8,5131,5123,3.1,2056.0,21212,32170,14,313,0,0,27
rom_AW4_DW128,390,262,2.5,128.0,906,1160,6,22,0,0,134
regfile_AW7_DW32_RP2_WP1,13160,13096,3.4,4096.0,58021,89786,14,995,0,0,121
csa42_DW1024,9218,7169,2.1,4.0,22530,28673,6,343,0,0,6146
proxy.s0p1.97,104763,112210,3.1,39540.0,459518,985633,40,8250,159,41,246
fixed__medium__trisolv,2293,2309,2.9,852.0,9085,17643,36,160,3,0,174
bbuf_DW512,1024,512,1.0,1.0,1024,512,2,0,0,0,1024
rambit_AW12_DW32,330019,329987,4.3,131104.0,1743487,2826968,18,20476,0,0,110
bigkey,1032,835,3.8,225.0,3994,6121,15,64,0,0,425
round_DW8_FW4,23,15,1.8,3.0,42,46,6,2,0,0,16
rom_AW12_DW8,34,26,1.8,8.0,74,88,6,2,0,0,18
muxhot_DW64_N16,1562,1498,1.7,64.0,4004,4948,8,64,0,0,1104
int2float_default,58,51,4.2,21.0,265,421,8,4,0,0,18
regfile_AW8_DW256_RP2_WP1,204015,203503,3.4,65536.0,894183,1380848,16,14772,0,0,796
apbregs_AW4_DW32,1806,1261,4.1,640.0,6434,9801,8,93,0,0,585
multiplier_default,6196,6068,4.5,191.0,33653,55042,108,660,0,0,256
rom_AW12_DW128,398,270,2.4,128.0,922,1176,6,22,0,0,142
proxy.s0p1.51,87790,93596,3.0,33714.0,380357,814112,40,6555,136,90,622
S1238,166,152,3.9,32.0,750,1182,14,14,0,0,29
det_1011,11,10,2.5,4.0,35,49,6,1,0,0,4
pipeline_DW32_N4,334,301,3.1,132.0,1224,1813,6,15,0,0,69
muxpri_DW32_N16,838,805,1.8,54.0,2225,2807,12,36,0,0,561
fifoasync_AW14_DW16,634582,634564,3.7,262204.0,2972148,4675150,20,45129,0,0,40
ramasync_AW8_DW256,155064,154808,3.0,65536.0,620025,930178,14,9143,0,0,522
fixed__small__symm,3623,4094,2.8,1461.0,15368,48045,48,271,19,0,286
dotprod_DW32_N16,2422,3202,2.5,448.0,11332,55936,60,153,32,0,1060
onehot_DW1024,2093,1069,4.1,256.0,5489,7816,6,189,0,0,1034
fixed__medium__ludcmp,5115,5049,3.1,1827.0,20785,35949,40,391,4,0,333
proxy.s0p15.80,59104,62078,3.0,22880.0,250452,490146,30,4408,63,22,286
dalu,281,265,3.5,79.0,1184,1822,12,21,0,0,91
fixed__mini__heat_3d,3772,3659,3.4,1054.0,16021,24611,36,319,0,0,244
log2_DW64,137,130,2.3,5.0,434,601,28,8,0,0,71
fifosync_AW4_DW8,386,375,3.1,150.0,1537,2313,10,24,0,0,23
b1,10,6,1.7,3.0,16,16,4,1,0,0,7
muxhot_DW16_N8,206,190,1.6,16.0,500,604,6,6,0,0,152
ramspnc_AW4_DW8,353,345,3.0,136.0,1369,2040,10,22,0,0,23
axiram_AW8_DW128_STRB_WIDTH16,5570,5433,3.0,2180.0,21696,32389,10,335,0,0,296
rambit_AW14_DW16,656485,656469,4.3,262160.0,3469450,5625946,20,40476,0,0,64
rom_AW8_DW512,1546,1034,2.5,512.0,3602,4624,6,86,0,0,522
cavlc,2277,2121,4.0,662.0,10682,16966,18,193,0,0,187
round_DW32_FW16,90,58,2.3,15.0,191,234,10,5,0,0,64
proxy.s0p15.54,72507,77800,3.1,22084.0,336330,724865,40,6018,65,564,5258
rambit_AW12_DW16,165063,165047,4.3,65552.0,871914,1413718,18,10225,0,0,62
apbregs_AW7_DW16,7377,5312,3.5,2064.0,23930,35171,12,447,0,0,2092
proxy.s0p15.3,143434,149539,3.2,49019.0,634168,1207493,40,11751,142,87,673
bcdToseg_3,18,11,3.2,7.0,46,63,4,2,0,0,11
ttt2,76,55,3.1,15.0,225,319,6,5,0,0,45
fixed__mini__cholesky,5955,6077,3.2,2277.0,25505,47128,36,530,6,0,127
c880_CS640,261,235,2.1,8.0,739,982,20,15,0,0,150
apbregs_AW5_DW128,14166,9941,3.4,4224.0,43573,63039,10,787,0,0,4362
rambit_AW4_DW512,21534,21022,3.6,8704.0,96846,151136,10,1200,0,0,1542
proxy.s0p15.4,35327,37889,3.3,11151.0,162381,413506,36,3043,100,4,832
proxy.s0p15.82,52760,54672,3.1,19925.0,227853,425910,34,3989,53,58,670
fixed__mini__syrk,2369,2607,2.8,908.0,9821,28596,40,171,10,0,275
fixed__mini__atax,27755,30744,3.1,10162.0,127213,331461,62,2110,126,0,356
dotprod_DW8_N32,1126,1497,2.6,672.0,5349,21899,52,66,16,0,525
fixed__medium__atax,1123,1070,2.9,370.0,4139,9312,34,88,3,0,227
ramasync_AW10_DW128,312463,312335,3.0,131072.0,1255278,1885758,16,18598,0,0,268
shiftr_DW16,68,52,3.4,16.0,230,340,6,4,0,0,36
proxy.s0p15.28,204964,218077,3.3,59626.0,947523,2079603,40,18724,337,71,684
pipeline_DW16_N64,2214,2197,3.4,1088.0,9752,15093,6,109,0,0,37
csa42_DW128,1154,897,2.1,4.0,2818,3585,6,44,0,0,770
s1488,207,188,4.7,71.0,1064,1733,44,20,0,0,27
mux_DW16_N8,195,179,1.4,32.0,435,496,6,5,0,0,147
regfile_AW4_DW16_RP2_WP1,784,752,3.3,256.0,3212,4888,10,50,0,0,64
absdiffs_DW16,76,60,2.2,4.0,190,244,14,5,0,0,48
i2c_default,588,446,3.4,81.0,1980,2926,8,37,0,0,289
rambyte_AW8_DW128,77927,77799,4.2,32896.0,403825,651924,14,4578,0,0,282
bbuf_DW128,256,128,1.0,1.0,256,128,2,0,0,0,256
fixed__small__syrk,2508,2734,2.8,954.0,10336,29360,40,189,10,0,287
abs_DW64,215,151,3.0,63.0,607,848,28,13,0,0,128
ramspnc_AW10_DW32,78969,78937,3.0,32800.0,318921,479936,16,4722,0,0,77
oc54x,3125,3118,4.0,426.0,15621,26187,34,318,1,0,140
muxpri_DW128_N16,3230,3101,1.8,232.0,8718,11105,12,130,0,0,2193
mm30a,266,236,4.0,114.0,1171,1840,56,28,0,0,63
fixed__mini__gemver,47043,47468,3.1,17072.0,195369,325783,74,3356,21,0,758
bnand_DW16,22,21,1.0,1.0,42,41,6,1,0,0,17
priority,273,265,2.3,7.0,878,1218,52,17,0,0,136
rom_AW10_DW64,204,140,2.4,64.0,470,596,6,11,0,0,76
muxhot_DW8_N128,1630,1622,1.6,8.0,4140,5028,10,70,0,0,1160
multiclock_output_and_latch,14,13,1.2,2.0,28,29,6,2,0,0,7
proxy.s0p15.10,104041,112391,3.0,42246.0,451837,1007814,40,7853,186,80,452
bxnor_DW32,43,42,1.0,1.0,84,83,8,1,0,0,33
lfsr_DW8_LFSRW63,150,79,1.2,2.0,174,119,4,8,0,0,142
RS232_T300,103,92,2.8,34.0,345,495,10,7,0,0,15
onehot_DW16,36,20,4.0,16.0,100,144,4,3,0,0,20
regfile_AW5_DW128_RP4_WP1,17013,16501,3.8,4096.0,79544,125574,12,1400,0,0,671
s641,110,87,2.6,10.0,309,421,38,11,0,0,58
ramdp_AW10_DW256,724596,724084,4.1,262656.0,3706060,5963440,16,50262,0,0,1049
ramsp_AW6_DW8,27,26,1.2,5.0,87,267,4,2,0,1,24
sum_DW128_N32,13378,13245,3.1,11.0,53865,81107,174,1089,0,0,4229
fixed__medium__gemver,4177,4385,2.6,1655.0,15858,42475,42,301,14,0,649
ramspnc_AW4_DW32,1337,1305,2.9,544.0,5113,7584,10,76,0,0,71
muxhot_DW256_N8,3195,2939,1.7,256.0,7918,9702,6,94,0,0,2312
mult32b,83,82,3.1,46.0,335,505,65,7,0,0,33
proxy.s0p1.59,79883,85034,3.0,32721.0,337649,723975,40,5889,127,39,269
proxy.s0p15.76,41,1,40.0,40.0,41,40,2,1,0,0,40
proxy.s0p1.18,99708,107083,3.0,39944.0,426773,931457,40,7397,151,37,199
muxhot_DW8_N16,208,200,1.6,8.0,512,616,8,8,0,0,152
absdiff_DW128,950,822,3.0,140.0,3288,4804,20,70,0,0,384
fixed__small__floyd_warshall,1245,1201,3.1,403.0,4944,8306,32,84,1,0,135
ramdp_AW8_DW64,45453,45325,4.1,16512.0,231681,372584,14,3243,0,0,277
router_default,134,104,2.2,27.0,333,428,14,6,0,0,90
s400,41,35,4.3,21.0,187,298,38,5,0,0,9
multiclock_reader_writer,17,15,4.1,20.0,122,210,4,3,0,2,9
bcdToseg_4,18,11,3.2,7.0,46,63,4,2,0,0,11
cache_AW128_DW128_INDEXW8,608,719,1.6,139.0,2437,15349,12,25,0,7,389
vga,86,63,3.4,23.0,279,409,10,6,0,0,24
shiftl_DW64,332,268,4.2,70.0,1389,2178,8,26,0,0,134
relu_DW128,384,256,1.5,127.0,638,636,4,23,0,0,256
max_DW256,1356,1100,3.0,255.0,4425,6394,14,77,0,0,768
shiftar_DW512,3587,3075,4.5,610.0,16807,26952,12,322,0,0,1033
ramdp_AW6_DW128,25652,25396,4.1,8448.0,129555,208062,12,1860,0,0,529
proxy.s0p1.35,170608,178345,3.2,59685.0,753049,1472123,40,13592,215,83,844
s35932,1920,1600,3.6,622.0,7334,11148,175,162,0,0,355
crossbar_DW256_N8,12352,10304,4.4,512.0,55360,88064,8,820,0,0,4160
proxy.s0p1.54,134109,141239,3.1,46363.0,591664,1169882,40,10401,140,469,4678
cm82a,11,8,2.0,3.0,24,29,4,1,0,0,8
cm138a,22,14,4.0,8.0,70,104,4,2,0,0,14
pipeline_DW1024_N16,34854,33829,3.4,16400.0,148616,228549,6,1643,0,0,2053
dffsync_DW64,258,194,1.6,64.0,514,576,4,11,0,0,130
crossbar_DW32_N8,1600,1344,4.2,64.0,6976,11008,8,104,0,0,576
ramspnc_AW6_DW512,84206,83694,3.1,33280.0,340939,513978,12,5245,0,0,1033
ramsp_AW12_DW8,45,51,1.7,8.0,196,588,6,2,0,2,30
bxnor_DW128,171,170,1.0,1.0,340,339,10,6,0,0,129
proxy.s0p1.47,94790,100727,2.9,39354.0,397278,822886,40,6591,159,76,423
RS232_T500,201,190,3.2,70.0,798,1205,18,15,0,0,15
rambyte_AW6_DW16,2776,2760,3.1,1040.0,11339,17142,12,180,0,0,42
regfile_AW10_DW64_RP2_WP1,211862,211734,3.4,65536.0,932493,1441390,18,16855,0,0,226
S713,137,114,2.4,17.0,389,527,14,11,0,0,59
rom_AW16_DW16,66,50,1.9,16.0,146,176,6,3,0,0,34
C7552,625,517,2.8,154.0,1985,2828,16,45,0,0,315
sha3_low_thro,1681,1167,2.5,581.0,4101,5354,8,93,0,0,518
proxy.s0p1.19,184657,194067,3.2,64747.0,817562,1643888,40,14904,233,202,1230
fifoasync_AW6_DW512,80937,80423,4.1,32796.0,413884,666408,12,5956,0,0,1032
s832,123,104,4.1,46.0,532,837,37,10,0,0,37
tpu_like.small.os,779313,783088,4.2,262656.0,4081034,6745971,18,56156,144,0,644
cm85a,20,17,2.2,3.0,54,71,6,1,0,0,14
video_systems_dct,8284,9551,3.0,4065.0,38024,126053,24,689,64,0,24
regfile_AW5_DW32_RP8_WP1,6407,6151,4.3,1024.0,32524,52490,12,555,0,0,343
rambit_AW14_DW8,328266,328258,4.3,131080.0,1735484,2814444,20,20191,0,0,40
mux_DW8_N32,357,349,1.5,64.0,863,1020,8,12,0,0,269
aes_highthroughput_lowarea,11673,11638,3.5,3606.0,52782,82253,16,899,0,0,80
ramsp_AW12_DW16,71,83,2.0,16.0,366,1162,6,5,0,4,46
binv_DW8,24,16,1.0,1.0,32,24,4,8,0,0,16
fixed__mini__doitgen,3802,3838,3.1,1275.0,15570,29954,46,278,6,0,277
c880_RN1280,350,324,2.0,13.0,972,1270,20,17,0,0,214
ramasync_AW4_DW8,334,326,3.0,128.0,1294,1928,8,19,0,0,22
ramspnc_AW12_DW16,169133,169117,3.1,65552.0,700042,1061834,18,10732,0,0,47
fifosync_AW4_DW256,10782,10523,3.0,4366.0,41715,62125,10,637,0,0,519
c880_CS320,215,189,2.4,11.0,641,878,18,14,0,0,118
bnand_DW128,166,165,1.0,1.0,330,329,10,5,0,0,129
proxy.s0p15.17,109831,118647,2.9,42065.0,483297,1066902,40,7856,138,521,4425
rambyte_AW10_DW8,20589,20581,3.1,8200.0,84549,127928,16,1299,0,0,29
rambyte_AW6_DW512,84253,83741,4.2,33283.0,438968,709942,12,5241,0,0,1096
muxhot_DW16_N128,3148,3132,1.6,16.0,8184,10088,10,129,0,0,2192
apbregs_AW6_DW16,3722,2681,3.5,1040.0,12017,17631,12,235,0,0,1067
proxy.s0p1.12,130333,139989,2.9,51206.0,559830,1211490,40,9379,163,386,3811
s526,61,55,3.8,16.0,264,412,53,6,0,0,9
proxy.s0p15.18,112330,120734,3.0,44112.0,485285,1070562,36,8542,175,40,199
min_DW8,42,34,2.4,6.0,116,156,8,3,0,0,24
counter_DW512,1875,1363,3.7,512.0,6384,9530,20,119,0,0,515
S35932,4356,4036,2.9,1728.0,15759,23126,8,254,0,0,356
fixed__mini__gramschmidt,21270,21262,3.2,9249.0,89717,145052,64,1936,6,0,321
S838,131,130,2.6,32.0,474,687,18,9,0,0,36
rom_AW4_DW16,54,38,2.2,16.0,122,152,6,3,0,0,22
regfile_AW8_DW32_RP2_WP1,25914,25850,3.4,8192.0,114325,176886,16,1945,0,0,124
proxy.s0p15.16,91631,94879,3.2,33542.0,394829,759226,40,7164,115,13,587
c499_NC1550,363,331,2.1,10.0,1023,1352,12,21,0,0,228
ramasync_AW12_DW64,663230,663166,3.1,262144.0,2714032,4101668,18,44034,0,0,142
fixed__small__3mm,15126,15156,3.9,3115.0,73712,128587,62,1408,12,0,567
ifu_esl_counter_ifu_esl_counter,60,44,3.3,16.0,188,272,12,3,0,0,21
proxy.s0p15.79,114193,123994,2.8,47985.0,480813,1072623,30,7999,167,348,3009
dec_DW512,1639,1127,2.8,7.0,4292,5818,208,119,0,0,1024
rambit_AW4_DW16,695,679,3.6,272.0,3109,4844,10,41,0,0,54
crossbar_DW8_N8,448,384,3.7,16.0,1792,2752,8,26,0,0,192
lfsr_DW8_LFSRW31,86,47,1.3,2.0,110,87,4,3,0,0,78
c880_RN640,257,231,2.2,14.0,748,1008,16,14,0,0,150
s208_1,29,28,2.3,5.0,93,129,32,2,0,0,11
shiftb_DW512,6963,6451,4.9,1523.0,38001,62588,14,737,0,0,1035
proxy.s0p15.38,104815,112038,3.1,40594.0,463437,991659,40,8220,201,137,271
apbi2c,1052,1085,3.5,211.0,5082,11459,20,96,1,2,109
ramsp_AW12_DW32,123,147,2.2,32.0,706,2310,6,8,0,8,78
lfsr_DW64_LFSRW63,287,160,2.3,47.0,523,599,6,11,0,0,223
i8,496,415,3.2,95.0,1737,2563,10,32,0,0,214
rom_AW12_DW64,206,142,2.3,64.0,474,600,6,11,0,0,78
sin_default,1532,1507,4.5,177.0,8229,13419,72,181,0,0,49
proxy.s0p15.51,86268,91630,3.1,31663.0,380505,817789,40,6702,140,125,702
ramdp_AW14_DW8,411018,411002,4.4,131088.0,2209855,3597690,20,30805,0,0,65
proxy.s0p1.7,88398,96078,2.9,35794.0,389101,885218,40,6144,140,462,3810
rom_AW6_DW512,1544,1032,2.5,512.0,3598,4620,6,86,0,0,520
shiftar_DW64,330,266,4.2,68.0,1376,2156,8,24,0,0,134
proxy.s0p1.25,43548,45610,3.2,14499.0,195773,402668,40,3594,60,84,808
cache_AW256_DW256_INDEXW10,1208,1426,1.6,286.0,5081,21782,14,46,0,26,773
firfix_ACCW8_DW8_N64,1784,2224,3.8,1728.0,10769,33658,70,161,32,0,19
proxy.s0p15.32,219201,234495,3.1,77114.0,973764,2163228,40,17758,378,88,1252
i10,1010,786,3.1,34.0,3213,4630,18,76,0,0,481
ptc,519,482,3.9,230.0,2342,3680,28,40,0,0,96
proxy.s0p15.91,119472,125776,3.1,42830.0,519076,1022456,40,9517,113,66,403
c880_NC4360,769,743,1.6,11.0,1957,2402,24,31,0,0,522
pipeline_DW16_N128,4390,4373,3.5,2176.0,19480,30197,6,219,0,0,37
s5378,338,289,4.0,36.0,1437,2247,60,33,0,0,83
ramasync_AW14_DW16,656097,656081,4.3,262144.0,3466062,5619946,20,40448,0,0,48
cht,119,83,2.3,36.0,273,344,4,6,0,0,83
ramsp_AW12_DW128,429,531,2.1,128.0,2476,8796,6,22,0,26,270
muxhot_DW32_N16,791,759,1.7,32.0,2014,2478,8,32,0,0,560
mux_DW8_N8,99,91,1.4,16.0,219,248,6,3,0,0,75
crossbar_DW128_N4,2064,1552,3.3,129.0,6673,9730,6,103,0,0,1040
logicprobe,365,488,2.3,72.0,1924,9067,10,19,0,4,133
fifoasync_AW4_DW8,449,439,3.6,148.0,2032,3176,10,31,0,0,24
proxy.s0p15.45,69237,72751,3.1,24574.0,302020,604840,34,5564,71,74,1042
firfix_ACCW8_DW8_N32,894,1110,3.8,864.0,5351,16762,44,82,16,0,19
ramspnc_AW12_DW32,334007,333975,3.1,131104.0,1373717,2079452,18,20951,0,0,79
regfile_AW5_DW128_RP4_WP2,16985,16473,4.3,4096.0,87407,141356,12,1383,0,0,805
apbregs_AW6_DW64,14546,10385,3.5,4160.0,46359,67787,12,880,0,0,4235
proxy.s0p1.11,132682,139208,3.1,49501.0,578689,1158648,40,9961,194,78,917
dotprod_DW8_N8,256,325,2.5,168.0,1145,4589,22,14,4,0,139
inc_DW8,25,17,2.4,7.0,57,72,6,2,0,0,16
ramsdp_AW8_DW16,9952,9936,3.1,4112.0,40241,60594,14,596,0,0,52
pipeline_DW8_N64,1174,1165,3.4,576.0,5136,7933,6,58,0,0,21
crossbar_DW32_N4,528,400,3.2,33.0,1681,2434,6,27,0,0,272
stereovision0,23870,23673,2.7,12616.0,87729,127915,16,1500,0,0,366
shiftl_DW8,33,25,2.9,10.0,98,138,6,2,0,0,19
firprog_ACCW128_DW128_N4,7577,9837,3.1,640.0,40531,190212,108,765,60,0,771
adder_default,658,529,2.2,4.0,1686,2185,104,39,0,0,385
gray2bin_DW1024,3071,2047,1.9,5.0,5941,6764,412,175,0,0,2048
ramdp_AW4_DW16,848,816,3.8,288.0,3946,6228,10,52,0,0,77
regfile_AW8_DW32_RP4_WP2,35540,35412,4.3,8192.0,188080,305208,16,3058,0,0,247
pcler8,68,51,2.1,9.0,159,199,8,4,0,0,44
fifosync_AW8_DW256,158042,157783,4.2,65818.0,818402,1320979,14,9463,0,0,519
usb_device_core,10411,10371,3.2,3671.0,43451,66120,22,775,0,0,73
dffasync_DW256,1282,1026,1.7,512.0,2818,3328,6,52,0,0,514
apbregs_AW4_DW128,7182,5005,4.1,2176.0,25634,39081,8,365,0,0,2313
dotprod_DW128_N16,28035,38031,3.0,224.0,153086,776890,140,2849,240,0,4228
muladd_DW32_OW64,480,544,2.6,69.0,1978,8441,54,38,3,0,192
c880_CS2560,512,486,1.6,8.0,1280,1562,24,21,0,0,342
bor_DW1024,1259,1258,1.0,1.0,2516,2515,12,47,0,0,1025
c432_CS1280,281,274,1.8,11.0,764,973,24,13,0,0,171
firprog_ACCW16_DW16_N4,331,375,2.6,81.0,1346,4146,24,21,2,0,99
pm1,45,32,2.2,9.0,103,129,6,5,0,0,29
muxhot_DW64_N32,3249,3185,1.6,64.0,8386,10338,8,144,0,0,2144
regfile_AW8_DW16_RP2_WP1,13379,13347,3.4,4096.0,59186,91646,16,1018,0,0,76
shiftb_DW32,289,257,4.4,85.0,1396,2246,10,26,0,0,71
pipeline_DW1024_N32,67654,66629,3.4,32800.0,296200,458117,6,3284,0,0,2053
muxpri_DW16_N8,224,207,1.9,36.0,602,773,8,9,0,0,153
S15850,1569,1419,3.1,504.0,5875,8762,20,117,0,0,227
rambit_AW6_DW512,84762,84250,3.8,33286.0,406944,644876,12,5265,0,0,1544
proxy.s0p15.26,49501,51246,3.2,18107.0,216540,415035,34,3894,56,95,1059
dotprod_DW16_N4,238,288,1.9,20.0,846,3614,24,13,2,0,146
regfile_AW7_DW64_RP4_WP2,35663,35407,4.3,8192.0,187306,303542,16,3048,0,0,433
muxhot_DW64_N4,452,388,1.6,64.0,1028,1216,6,13,0,0,324
regfile_AW6_DW64_RP4_WP1,17881,17625,3.7,4096.0,83521,131536,14,1505,0,0,356
firprog_ACCW32_DW32_N8,1385,1665,3.0,290.0,6646,25690,46,101,16,0,323
fifoasync_AW8_DW128,80137,80007,3.1,32804.0,325172,490200,14,5898,0,0,264
ramdp_AW8_DW32,22898,22834,4.1,8256.0,116887,188042,14,1623,0,0,149
dec_DW1024,3662,2638,2.6,15.0,9453,12606,64,276,0,0,2048
sum_DW8_N32,722,709,2.9,8.0,2800,4169,44,53,0,0,269
c499_CY1040,341,309,2.3,17.0,1020,1390,139,22,0,0,177
mux_DW64_N32,2821,2757,1.5,512.0,6853,8128,8,91,0,0,2117
regfile_AW6_DW16_RP2_WP1,3363,3331,3.4,1024.0,14541,22388,14,262,0,0,70
log2_DW256,537,528,2.3,5.0,1748,2431,104,31,0,0,265
ramspnc_AW10_DW16,40031,40015,3.1,16400.0,162645,245244,16,2426,0,0,45
muxhot_DW16_N16,401,385,1.6,16.0,1010,1234,8,16,0,0,288
S1494,163,144,4.9,79.0,843,1379,10,15,0,0,28
proxy.s0p1.6,166246,174612,3.2,58750.0,733376,1531006,40,13055,268,102,2027
proxy.s0p15.71,114548,123024,3.0,43788.0,497966,1100286,40,8755,190,110,499
fifosync_AW10_DW32,79972,79937,3.2,32832.0,334705,509501,16,4863,0,0,71
muxpri_DW16_N4,118,101,2.1,33.0,313,407,6,4,0,0,85
S526,59,53,3.3,21.0,226,340,10,5,0,0,10
f51m,32,24,3.5,11.0,108,160,8,2,0,0,16
ramsp_AW8_DW1024,2086,2060,1.1,26.0,6734,58198,4,2,0,26,2058
pipeline_DW16_N16,582,565,3.3,272.0,2456,3765,6,28,0,0,37
min_DW128,663,535,2.3,127.0,1765,2332,14,38,0,0,384
c880_CY1070,382,356,2.3,11.0,1182,1626,131,24,0,0,193
fixed__mini__mvt,20424,20439,3.2,6940.0,86571,138733,60,1478,6,0,394
regfile_AW7_DW128_RP8_WP1,106238,105214,4.3,16384.0,554798,898144,14,9524,0,0,1225
pipeline_DW64_N64,8454,8389,3.5,4160.0,37448,58053,6,427,0,0,133
ramsp_AW4_DW16,41,40,1.2,6.0,135,638,4,2,0,1,38
mkSMAdapter4B,3224,3120,3.4,960.0,14020,26641,16,230,0,4,366
counter_DW32,122,90,3.5,32.0,409,606,12,8,0,0,35
i3,176,170,1.0,1.0,340,334,8,6,0,0,138
ramasync_AW4_DW32,1270,1238,2.9,512.0,4870,7232,8,70,0,0,70
ramasync_AW4_DW1024,39958,38934,2.9,16384.0,152678,226464,8,2222,0,0,2054
min_DW64,334,270,2.8,63.0,1029,1454,12,20,0,0,192
regfile_AW7_DW64_RP8_WP2,53910,53398,4.6,8192.0,297904,488500,14,4990,0,0,721
ramsp_AW4_DW8,25,24,1.3,7.0,85,267,4,2,0,1,22
ramspnc_AW4_DW256,10528,10272,2.9,4352.0,40050,59300,10,602,0,0,519
regfile_AW7_DW128_RP4_WP1,70706,70194,3.8,16384.0,338321,535742,16,5827,0,0,681
dotprod_DW32_N4,581,727,2.4,112.0,2463,12342,36,34,8,0,290
mem_ctrl_default,11625,10394,4.2,721.0,53588,85157,42,1107,0,0,2435
binv_DW256,768,512,1.0,1.0,1024,768,4,256,0,0,512
fifoasync_AW10_DW32,80569,80535,3.1,32812.0,328693,496282,16,5667,0,0,72
cache_AW32_DW32_INDEXW12,239,297,2.3,50.0,1337,4058,10,17,0,12,101
sum_DW512_N4,7359,6845,2.9,20.0,26795,39386,120,617,0,0,2562
sum_DW128_N8,3578,3447,2.9,13.0,13566,20107,112,304,0,0,1155
aemb__edk32,2291,2314,3.9,426.0,11594,26586,38,191,2,4,242
pipeline_DW1024_N4,10254,9229,3.1,4100.0,37928,56373,6,411,0,0,2053
regfile_AW7_DW32_RP4_WP2,17875,17747,4.3,4096.0,94510,153398,14,1552,0,0,241
c880_SL2560,511,485,1.6,8.0,1273,1550,24,24,0,0,342
proxy.s0p1.82,46355,48149,3.1,18160.0,197867,372826,34,3403,50,50,590
arbiter_N256,818,562,2.8,7.0,2136,2892,104,59,0,0,512
rom_AW10_DW8,34,26,1.8,8.0,74,88,6,2,0,0,18
rom_AW6_DW1024,3080,2056,2.5,1024.0,7182,9228,6,171,0,0,1032
ramspnc_AW8_DW256,155452,155196,3.0,65792.0,621816,932984,14,9154,0,0,523
apbregs_AW5_DW256,28263,19814,3.4,8448.0,86871,125665,10,1556,0,0,8714
sum_DW32_N128,11535,11496,3.0,10.0,46000,68969,172,854,0,0,4135
rambyte_AW4_DW512,21070,20558,4.1,8704.0,104542,167456,10,1221,0,0,1094
muxhot_DW32_N8,401,369,1.7,32.0,986,1202,6,11,0,0,296
spi_master,105,95,3.1,32.0,385,570,8,5,0,0,24
s526n,59,53,3.8,16.0,255,398,47,7,0,0,9
fixed__small__gemm,2001,2238,2.6,935.0,8162,26411,40,171,11,0,255
muxpri_DW8_N4,62,53,2.1,17.0,162,209,6,2,0,0,45
ramsp_AW4_DW1024,2082,2056,1.1,130.0,6730,58198,4,2,0,26,2054
ramasync_AW6_DW512,83402,82890,3.1,32768.0,336032,505772,12,5202,0,0,1032
csa32_DW128,896,640,1.6,2.0,1664,1792,4,128,0,0,640
lfsr_DW64_LFSRW47,255,144,2.4,47.0,493,587,4,12,0,0,191
fifosync_AW4_DW64,2750,2683,3.0,1102.0,10665,15897,10,164,0,0,135
binv_DW16,48,32,1.0,1.0,64,48,4,16,0,0,32
pipeline_DW32_N8,598,565,3.3,264.0,2408,3653,6,29,0,0,69
mux_DW8_N4,50,42,1.3,8.0,98,104,4,2,0,0,42
ramdp_AW8_DW1024,718073,716025,4.1,264192.0,3656272,5878446,14,50166,0,0,4117
regfile_AW5_DW32_RP8_WP2,6558,6302,4.6,1024.0,35434,58008,12,566,0,0,381
shiftreg_DW128,387,259,3.0,128.0,1027,1408,6,22,0,0,131
rom_AW8_DW16,58,42,2.1,16.0,130,160,6,3,0,0,26
crossbar_DW512_N8,24640,20544,4.4,1024.0,110656,176128,8,1639,0,0,8256
fast_antilog,157,133,3.9,51.0,650,1010,8,12,0,0,35
clstm_like.small,355313,368107,3.0,165564.0,1474721,2786047,22,20086,367,243,942
rom_AW14_DW64,208,144,2.3,64.0,478,604,6,11,0,0,80
bcdToseg_6,15,8,2.5,5.0,28,33,4,1,0,0,10
ramasync_AW4_DW256,10006,9750,2.9,4096.0,38246,56736,8,558,0,0,518
ramspnc_AW8_DW128,77914,77786,3.0,32896.0,311899,468098,14,4636,0,0,267
pair,617,480,3.3,41.0,2074,3051,12,38,0,0,310
binv_DW32,96,64,1.0,1.0,128,96,4,32,0,0,64
des-area__des3,1119,1055,4.2,233.0,5486,8798,14,100,0,0,304
pipeline_DW128_N8,2326,2197,3.3,1032.0,9416,14309,6,105,0,0,261
i2c_to_wb,242,191,3.3,46.0,827,1221,10,18,0,0,88
muxcase_DW512,7185,6673,2.1,1024.0,20597,27336,8,259,0,0,4616
tiny_aes_192,25897,25769,4.2,8496.0,132954,214242,12,2458,0,0,449
apbregs_AW5_DW16,1816,1287,3.4,528.0,5685,8267,10,108,0,0,554
ramspnc_AW12_DW64,663818,663754,3.1,262208.0,2724491,4121410,18,44091,0,0,143
pid_controller,1756,1690,3.8,686.0,8063,12680,32,146,0,0,117
proxy.s0p1.41,85421,92852,3.1,32993.0,380907,858171,38,6673,158,125,191
mesi_isc,1774,1726,3.4,711.0,7555,11610,14,105,0,0,194
s953,24,1,23.0,23.0,24,23,2,1,0,0,23
bnor_DW32,41,40,1.0,1.0,80,79,8,1,0,0,33
band_DW1024,1334,1333,1.0,1.0,2666,2665,12,47,0,0,1025
dla_like.medium,372596,389427,2.8,187346.0,1478313,2781067,30,27575,368,192,435
fifoasync_AW4_DW32,1466,1432,3.2,532.0,6019,9140,10,104,0,0,72
firprog_ACCW32_DW32_N128,20397,25357,3.1,4128.0,102808,407030,168,1538,256,0,4163
s349,51,40,2.9,9.0,154,217,29,4,0,0,20
mulc_DW64,4606,5958,3.2,98.0,24851,111442,100,508,32,0,512
rambyte_AW10_DW64,155920,155856,4.3,65600.0,822390,1333004,16,9094,0,0,148
proxy.s0p15.5,43614,46959,3.1,15801.0,194359,467319,40,3502,98,53,525
cmb,29,25,1.9,4.0,73,92,6,1,0,0,20
c432_NS2360,432,425,1.7,11.0,1151,1445,24,19,0,0,279
c432_NS1400,304,297,2.0,11.0,891,1181,20,16,0,0,183
rtc,684,649,3.5,250.0,2917,4498,22,50,0,0,93
pipeline_DW32_N16,1126,1093,3.4,528.0,4776,7333,6,56,0,0,69
crossbar_DW64_N32,54758,52710,4.0,128.0,261016,414564,24,5894,0,0,5120
pipeline_DW128_N4,1294,1165,3.1,516.0,4776,7093,6,54,0,0,261
regfile_AW8_DW32_RP4_WP1,35323,35195,3.8,8192.0,170046,269574,16,2993,0,0,206
shiftr_DW1024,8189,7165,4.3,1134.0,37681,60008,14,781,0,0,2058
fixed__small__atax,1007,966,2.8,328.0,3684,8622,34,78,3,0,215
RS232_T200,106,95,2.7,33.0,351,501,8,7,0,0,15
fixed__medium__fdtd_2d,2401,2236,3.0,734.0,8876,14807,34,179,1,0,439
mips32r1,8518,8668,4.0,1917.0,43362,80556,72,747,6,0,180
t481,148,147,4.3,26.0,775,1255,12,15,0,0,17
bbuf_DW256,512,256,1.0,1.0,512,256,2,0,0,0,512
proxy.s0p1.56,104398,111523,3.1,39040.0,456348,965797,40,8209,160,27,278
dffasync_DW64,322,258,1.7,128.0,706,832,6,13,0,0,130
round_DW64_FW32,186,122,2.1,31.0,382,456,16,10,0,0,128
proxy.s0p15.34,84998,89311,3.1,32367.0,367509,713571,34,6370,96,105,627
mux_DW512_N16,11268,10756,1.5,2048.0,26628,31232,6,342,0,0,8708
fifoasync_AW6_DW256,40535,40277,4.2,16412.0,210981,341150,12,2975,0,0,520
mul_DW8_OW16,34,33,1.6,21.0,86,645,4,1,1,0,32
mux_DW128_N4,770,642,1.4,128.0,1538,1664,4,22,0,0,642
regfile_AW6_DW32_RP2_WP1,6617,6553,3.4,2048.0,28595,44020,14,507,0,0,118
rambit_AW6_DW1024,169599,168575,3.8,66581.0,813862,1289550,12,10527,0,0,3080
firfix_ACCW64_DW64_N32,10166,12214,3.4,2432.0,54091,161834,114,1064,64,0,131
ramasync_AW8_DW8,5122,5114,3.1,2048.0,20829,31422,14,320,0,0,26
fixed__mini__lu,3411,3452,3.1,1259.0,14106,25784,38,244,4,0,127
rtfsimpleuart,379,364,2.7,126.0,1348,1953,24,24,0,0,64
lfsr_DW32_LFSRW31,158,95,1.8,3.0,262,271,4,6,0,0,126
c880_NC3080,600,574,1.7,11.0,1571,1968,24,25,0,0,394
ramdp_AW12_DW8,103763,103747,4.4,32784.0,558010,908510,18,7875,0,0,61
arbiter_N32,101,69,2.8,7.0,259,348,14,7,0,0,64
ramspnc_AW12_DW8,86493,86485,3.2,32776.0,362527,552076,18,5712,0,0,31
fixed__small__2mm,8536,8884,3.6,2182.0,41064,86460,68,775,18,0,449
pipeline_DW64_N16,2214,2149,3.4,1040.0,9416,14469,6,107,0,0,133
ramsdp_AW8_DW128,77535,77407,3.0,32896.0,310101,465260,14,4576,0,0,276
dotprod_DW16_N64,4211,5533,2.2,320.0,17782,74204,96,229,32,0,2070
ramdp_AW4_DW64,3249,3121,3.8,1152.0,15081,23792,10,188,0,0,269
dffsync_DW16,66,50,1.6,16.0,130,144,4,3,0,0,34
s510,82,75,3.7,35.0,354,551,38,6,0,0,26
rambit_AW6_DW32,5368,5336,3.8,2091.0,25648,40592,12,337,0,0,104
muxhot_DW64_N8,801,737,1.7,64.0,1978,2418,6,25,0,0,584
c499_NR2510,477,445,1.8,17.0,1241,1560,14,19,0,0,324
axiram_AW6_DW128_STRB_WIDTH16,1711,1574,3.6,644.0,7246,11207,8,88,0,0,292
fixed__small__trmm,1968,1966,2.9,642.0,7635,14563,36,127,3,0,208
proxy.s0p15.42,153779,164541,3.0,59144.0,668912,1433572,40,11562,243,76,527
nextz80,1422,1393,3.8,303.0,6715,10615,34,136,0,0,42
ramdp_AW4_DW512,25661,24637,3.8,9216.0,119005,187712,10,1544,0,0,2061
router,134,104,2.2,27.0,333,428,14,6,0,0,90
bin2prio_DW64,206,141,2.8,7.0,529,711,28,14,0,0,129
cache_AW64_DW64_INDEXW10,309,354,1.7,75.0,1292,5244,12,14,0,7,197
rambyte_AW6_DW8,1403,1395,3.1,520.0,5713,8628,12,89,0,0,25
lfsr_DW32_LFSRW47,190,111,1.6,3.0,294,287,4,15,0,0,158
proxy.s0p1.85,36387,39859,2.9,13310.0,164550,394382,40,2845,75,236,2476
proxy.s0p1.83,83778,89557,3.2,28920.0,379123,812729,40,6920,134,29,162
bnand_DW8,11,10,1.0,1.0,20,19,6,1,0,0,9
firprog_ACCW64_DW64_N128,58214,77606,3.0,8256.0,312576,1481332,236,5161,640,0,8323
regfile_AW4_DW64_RP2_WP1,3043,2915,3.3,1024.0,12514,19070,10,215,0,0,208
ialu_DW512,3275,2759,3.1,1244.0,11294,16554,174,217,0,0,1551
c880_SL1280,339,313,1.9,8.0,895,1138,24,18,0,0,214
regfile_AW5_DW256_RP2_WP1,25350,24838,3.4,8192.0,108228,166268,12,1780,0,0,787
ramsdp_AW10_DW64,154973,154909,3.0,65600.0,623203,936524,16,9231,0,0,152
dffasync_DW32,162,130,1.7,64.0,354,416,6,7,0,0,66
crossbar_DW16_N4,272,208,3.1,16.0,848,1216,6,13,0,0,144
sum_DW64_N4,782,716,2.7,7.0,2663,3828,58,60,0,0,322
pipeline_DW128_N64,16774,16645,3.5,8256.0,74376,115333,6,833,0,0,261
dnnweaver,118143,151580,3.0,43026.0,661900,2487442,38,11263,544,855,3537
proxy.s0p15.50,30346,32962,3.1,10838.0,139954,318996,40,2499,63,108,596
regfile_AW8_DW128_RP2_WP1,102663,102407,3.4,32768.0,450328,695586,16,7499,0,0,412
mux_DW64_N128,11033,10969,1.5,2048.0,27475,32948,10,357,0,0,8263
fixed__small__covariance,12314,12237,3.0,6531.0,49080,76836,36,1160,3,0,283
proxy.s0p15.98,102123,107632,3.1,36423.0,446362,916827,40,8269,122,109,938
absdiff_DW1024,7774,6750,3.0,1117.0,27190,39856,28,574,0,0,3072
gray2bin_DW32,95,63,1.9,4.0,185,212,16,6,0,0,64
S400,61,55,3.3,21.0,238,360,10,5,0,0,10
seqalign,16603,16591,4.0,2831.0,83445,133696,36,1751,0,0,120
shiftb_DW128,1464,1336,4.7,376.0,7641,12482,12,146,0,0,265
muxcase_DW1024,14351,13327,2.0,2048.0,39982,52286,8,515,0,0,9224
shiftar_DW1024,8189,7165,4.3,1134.0,37681,60008,14,781,0,0,2058
shiftreg_DW512,1539,1027,3.0,512.0,4099,5632,6,86,0,0,515
max_DW16,82,66,2.6,15.0,238,328,10,6,0,0,48
bnn,178773,180429,3.5,52405.0,813009,1330824,24,14880,63,0,382
rambyte_AW4_DW256,10542,10286,4.1,4352.0,52286,83744,10,613,0,0,550
z4ml,18,14,2.1,4.0,44,56,6,1,0,0,11
crossbar_DW16_N32,14476,13964,3.7,32.0,66096,103752,24,1485,0,0,2048
ramsdp_AW6_DW256,39267,39011,3.0,16640.0,155509,232740,12,2316,0,0,528
proxy.s0p15.8,46699,48933,3.0,19079.0,198767,384644,32,3329,54,133,1093
abs_DW8,25,17,2.7,7.0,63,84,6,2,0,0,16
firprog_ACCW64_DW64_N8,4078,5230,3.0,577.0,20891,94474,72,364,40,0,643
robot_rl,23924,25448,3.2,7324.0,109940,258492,34,2015,18,48,387
proxy.s0p15.96,61404,67041,2.9,24473.0,264827,665471,36,4610,140,87,1078
S5378,569,520,3.1,160.0,2139,3189,12,48,0,0,85
bubblesortmodule,2403,2009,2.7,905.0,7477,10542,8,104,0,0,838
ialu_DW64,431,363,3.0,145.0,1459,2124,40,29,0,0,207
binv_DW512,1536,1024,1.0,1.0,2048,1536,4,512,0,0,1024
firfix_ACCW128_DW128_N8,5895,6839,3.4,1216.0,30335,86528,120,596,32,0,259
rambyte_AW14_DW16,656617,656601,4.3,262160.0,3469925,5626632,20,40456,0,0,50
addsub_DW32,217,185,2.8,34.0,706,1010,26,16,0,0,97
proxy.s0p1.34,36683,38160,3.3,12335.0,165756,311315,34,2926,33,77,736
bcdToseg_2,18,11,3.2,7.0,46,63,4,2,0,0,11
muxpri_DW512_N4,3591,3078,1.7,514.0,8207,9745,6,103,0,0,2565
proxy.s0p1.68,65028,68237,3.1,24792.0,280941,681407,40,4577,164,5,2388
cache_AW256_DW256_INDEXW8,1194,1426,1.5,274.0,4840,31056,14,48,0,14,773
ima_adpcm_enc,707,678,4.1,226.0,3487,5589,24,69,0,0,48
absdiffs_DW32,154,122,2.2,4.0,389,502,28,9,0,0,96
cmp_DW1024,3379,3376,1.9,5.0,9859,12963,16,164,0,0,2051
tpu_like.small.ws,784087,788333,4.0,262426.0,3942835,6469642,24,56042,145,58,646
PIC16F84_T100,1067,998,3.6,285.0,4651,7593,16,89,0,1,134
regfile_AW9_DW32_RP2_WP1,53485,53421,3.4,16384.0,235361,363816,18,4131,0,0,127
proxy.s0p1.37,118898,123621,3.2,42915.0,521522,972499,40,9549,133,109,231
mux_DW128_N64,11088,10960,1.5,2049.0,27412,32776,10,351,0,0,8326
rambyte_AW6_DW256,42144,41888,4.2,16642.0,219587,355142,12,2625,0,0,552
rom_AW12_DW256,782,526,2.5,256.0,1818,2328,6,43,0,0,270
adder4bit_6,20,15,2.1,3.0,46,57,6,1,0,0,14
apbregs_AW8_DW16,14056,9943,3.5,4112.0,44568,65137,14,820,0,0,4141
sparc_ffu_sparc_ffu,27440,27238,3.0,11255.0,110023,165368,28,2091,0,0,463
adder4bit_5,20,15,2.1,3.0,46,57,6,1,0,0,14
relu_DW512,1651,1139,3.7,512.0,5336,7882,12,99,0,0,1024
sha3_high_thro,1615,1101,2.5,548.0,3867,5018,8,89,0,0,518
c432_RN1280,278,271,1.8,11.0,749,949,22,13,0,0,171
dffsync_DW8,34,26,1.5,8.0,66,72,4,2,0,0,18
dec_DW128,410,282,2.8,7.0,1064,1436,54,29,0,0,256
regfile_AW7_DW128_RP4_WP2,69832,69320,4.3,16384.0,368929,598706,14,5812,0,0,817
absdiffs_DW64,370,306,2.2,4.0,971,1266,44,27,0,0,192
ramasync_AW4_DW16,646,630,2.9,256.0,2486,3696,8,37,0,0,38
firfix_ACCW64_DW64_N8,2726,3190,3.4,608.0,14146,41384,72,271,16,0,131
muxcase_DW16,238,222,2.1,32.0,684,908,8,10,0,0,152
bor_DW128,158,157,1.0,1.0,314,313,10,6,0,0,129
encoder8to3_2,13,10,1.5,3.0,25,27,4,1,0,0,10
axiram_AW14_DW64_STRB_WIDTH8,307969,307896,3.9,131140.0,1495283,2374701,18,17911,0,0,174
ifu_esl_rtsm_ifu_esl_rtsm,46,28,2.0,7.0,84,94,6,3,0,0,36
sum_DW32_N8,732,697,2.9,8.0,2723,4017,44,58,0,0,291
proxy.s0p1.98,89125,93531,3.1,32414.0,385101,770858,40,7043,98,88,874
regfile_AW6_DW32_RP4_WP1,9051,8923,3.7,2048.0,42368,66762,14,771,0,0,196
regfile_AW6_DW128_RP4_WP2,35888,35376,4.2,8192.0,183211,295158,14,2970,0,0,811
firfix_ACCW32_DW32_N8,1187,1411,3.4,304.0,6142,18902,46,117,8,0,67
RC5,4077,4011,4.1,2331.0,20503,32918,30,292,0,0,71
axiram_AW10_DW256_STRB_WIDTH32,21092,20827,3.1,8452.0,85570,129221,10,1299,0,0,570
onehot_DW32,69,37,5.2,32.0,229,352,4,6,0,0,37
proxy.s0p1.80,57435,60409,3.0,22176.0,243823,480226,30,4309,63,22,286
dotprod_DW8_N128,4995,6772,2.6,2688.0,24665,102075,132,311,64,0,2063
min_DW512,2711,2199,2.3,511.0,7346,9782,16,157,0,0,1536
proxy.s0p15.73,110418,118648,2.9,46595.0,468789,1005976,40,8015,186,110,291
crossbar_DW128_N8,6208,5184,4.3,256.0,27712,44032,8,410,0,0,2112
ramasync_AW6_DW16,2683,2667,3.1,1024.0,10827,16304,12,173,0,0,40
c880_NS2120,451,425,2.0,14.0,1254,1632,16,21,0,0,298
dotprod_DW256_N4,28393,37803,3.2,48.0,159416,763136,210,3101,216,0,2306
gray2bin_DW64,191,127,1.9,4.0,372,426,28,12,0,0,128
rom_AW8_DW1024,3082,2058,2.5,1024.0,7186,9232,6,171,0,0,1034
ramsdp_AW6_DW32,4985,4953,3.0,2080.0,19772,29606,12,293,0,0,80
c499_CY2060,509,477,2.1,18.0,1466,1946,243,28,0,0,279
absdiffs_DW256,1470,1214,2.5,6.0,4279,5874,78,96,0,0,768
adder4bit_2,20,15,2.1,3.0,46,57,6,1,0,0,14
lfsr_DW16_LFSRW7,62,39,1.7,3.0,105,109,4,7,0,0,46
ramasync_AW4_DW512,19990,19478,2.9,8192.0,76390,113312,8,1112,0,0,1030
ialu_DW16,110,90,2.6,24.0,322,444,16,8,0,0,63
sqdiff_DW64,1235,1516,3.2,80.0,6313,28203,148,127,8,0,256
muxhot_DW8_N8,106,98,1.6,8.0,252,300,6,3,0,0,80
S1488,166,147,4.7,73.0,841,1369,10,15,0,0,28
x3,381,282,2.9,80.0,1099,1535,8,20,0,0,234
proxy.s0p1.84,116894,120824,3.2,42593.0,507782,934006,40,9261,120,50,247
muladd_DW16_OW32,156,155,2.0,5.0,459,1723,30,8,1,0,96
spi,1357,1312,4.1,480.0,6704,10739,20,125,0,0,90
sum_DW8_N128,3205,3190,3.1,9.0,13073,19751,122,253,0,0,1039
fifosync_AW6_DW64,10101,10034,4.1,4180.0,51651,83167,12,616,0,0,135
cu,40,29,2.4,9.0,100,131,6,2,0,0,25
square,4349,4221,4.1,181.0,21356,34142,102,487,0,0,192
lfsr_DW8_LFSRW47,118,63,1.3,2.0,142,103,4,8,0,0,110
mux_DW64_N8,771,707,1.4,128.0,1731,1984,6,21,0,0,579
c432_NC1400,302,295,1.9,10.0,869,1141,20,15,0,0,183
c880_RN2560,510,484,1.7,9.0,1297,1600,20,21,0,0,342
dffasync_DW512,2562,2050,1.7,1024.0,5634,6656,6,103,0,0,1026
wb_lcd,1885,1844,3.2,653.0,7726,11723,20,123,0,0,110
rambit_AW10_DW32,78097,78065,4.2,32800.0,409474,662786,16,4561,0,0,108
bor_DW32,41,40,1.0,1.0,80,79,8,1,0,0,33
C880,163,137,2.7,8.0,512,724,14,12,0,0,86
cm151a,18,16,1.4,2.0,38,42,6,1,0,0,14
rambit_AW8_DW256,156047,155791,3.4,65792.0,688311,1064784,14,9112,0,0,778
regfile_AW8_DW32_RP8_WP2,53608,53352,4.5,8192.0,296092,485224,16,5019,0,0,411
encoder8to3_5,14,11,1.8,3.0,31,37,6,1,0,0,10
x1,180,145,3.1,20.0,596,867,10,11,0,0,86
shiftb_DW1024,14701,13677,5.2,2950.0,84388,140398,14,1561,0,0,2060
bxor_DW1024,1363,1362,1.0,1.0,2724,2723,12,53,0,0,1025
pipeline_DW256_N32,16966,16709,3.4,8224.0,74248,114821,6,826,0,0,517
firprog_ACCW8_DW8_N8,309,357,3.1,168.0,1447,4244,22,21,4,0,83
fixed__small__gemver,3896,4117,2.6,1515.0,14857,40554,42,281,13,0,623
c432_CS320,143,136,2.3,16.0,443,607,20,9,0,0,75
proxy.s0p15.12,97309,104472,2.9,36292.0,423486,936021,34,7176,131,347,4022
rom_AW4_DW64,198,134,2.4,64.0,458,584,6,11,0,0,70
cavlc_default,138,127,5.0,66.0,763,1261,10,14,0,0,21
firfix_ACCW16_DW16_N64,3639,4583,3.4,1216.0,20115,66568,86,338,32,0,35
max_DW64,331,267,2.5,63.0,941,1284,12,19,0,0,192
fixed__mini__covariance,29731,29740,3.1,13726.0,122984,192951,56,2676,6,0,272
wb_lcd_ramless,367,327,3.1,97.0,1356,2018,16,24,0,0,85
dotprod_DW32_N128,20663,28304,2.6,3584.0,100801,511803,182,1357,256,0,8231
shiftl_DW128,771,643,4.1,155.0,3310,5206,10,62,0,0,263
ramsdp_AW8_DW8,5117,5109,3.1,2056.0,20929,31632,14,312,0,0,36
mux_DW256_N32,11269,11013,1.5,2048.0,27397,32512,8,362,0,0,8453
ramsdp_AW4_DW256,10524,10268,2.9,4352.0,40060,59328,10,600,0,0,524
pipeline_DW8_N128,2326,2317,3.4,1152.0,10256,15869,6,116,0,0,21
proxy.s0p15.86,67790,69907,3.4,21010.0,310462,596760,34,5850,90,78,1427
vda,280,241,4.4,81.0,1306,2091,10,30,0,0,56
C1908,141,116,3.3,18.0,497,737,14,11,0,0,58
dotprod_DW128_N8,14064,18925,3.0,112.0,76204,383995,120,1425,120,0,2179
add_DW128,903,774,2.9,10.0,2990,4303,52,73,0,0,386
fifosync_AW14_DW16,645772,645753,3.0,262204.0,2599393,3907261,22,39503,0,0,39
rambit_AW8_DW512,311666,311154,3.4,131584.0,1374756,2126692,14,18151,0,0,1546
shiftreg_DW16,51,35,2.7,16.0,131,176,6,3,0,0,19
apex7,143,106,2.5,31.0,375,501,8,7,0,0,86
regfile_AW5_DW128_RP8_WP1,25386,24362,4.3,4096.0,128647,207546,12,2207,0,0,1207
min_DW16,81,65,2.2,15.0,206,266,10,5,0,0,48
add_DW64,415,350,2.7,7.0,1295,1825,44,34,0,0,194
inc_DW512,1850,1338,2.4,9.0,4610,6032,110,134,0,0,1024
proxy.s0p15.25,51020,54083,3.2,18569.0,227558,497677,40,3944,109,38,725
fifoasync_AW12_DW32,319676,319642,3.3,131124.0,1361047,2082776,18,22385,0,0,72
band_DW8,11,10,1.0,1.0,20,19,6,1,0,0,9
S298_ORIG,43,37,3.1,14.0,152,224,8,3,0,0,10
proxy.s0p15.44,121,1,120.0,120.0,121,120,2,1,0,0,120
S420,66,65,2.6,16.0,236,341,12,4,0,0,20
s713,112,89,2.5,9.0,309,417,36,12,0,0,58
regfile_AW8_DW64_RP8_WP2,106137,105625,4.5,16384.0,585658,959554,16,9830,0,0,731
rom_AW10_DW1024,3084,2060,2.5,1024.0,7190,9236,6,171,0,0,1036
fifosync_AW12_DW64,634185,634118,3.1,262246.0,2575972,3883641,20,41118,0,0,135
regfile_AW9_DW64_RP2_WP1,104726,104598,3.4,32768.0,462449,715574,18,8056,0,0,223
regfile_AW5_DW64_RP8_WP2,12975,12463,4.6,2048.0,69374,113310,12,1143,0,0,701
fixed__medium__symm,3783,4257,2.8,1518.0,16000,49562,48,283,19,0,299
sum_DW16_N32,1386,1365,3.0,8.0,5426,8101,58,101,0,0,533
firprog_ACCW16_DW16_N128,9330,11234,2.8,2064.0,42443,133442,136,675,64,0,2083
proxy.s0p15.97,132002,141780,3.1,47720.0,588728,1294166,40,10785,216,48,298
apbregs_AW7_DW64,28959,20702,3.5,8256.0,92942,136223,12,1694,0,0,8332
c880_NS2440,524,498,2.0,13.0,1473,1924,14,24,0,0,330
adder,658,529,2.2,4.0,1686,2185,104,39,0,0,385
proxy.s0p1.17,74502,79031,3.0,28634.0,322433,664909,32,5511,103,186,1917
fixed__medium__lu,4064,4111,3.1,1509.0,16833,30646,38,290,4,0,141
or1200,4549,4345,3.7,699.0,20449,40549,70,369,3,2,779
ramasync_AW10_DW8,19536,19528,4.3,8192.0,102897,166730,16,1162,0,0,28
S13207,1276,1124,3.0,483.0,4472,6544,16,103,0,0,214
c499_SL1280,315,283,1.9,17.0,814,1030,14,13,0,0,201
rom_AW10_DW128,396,268,2.4,128.0,918,1172,6,22,0,0,140
i5,266,200,1.6,5.0,513,560,10,15,0,0,199
regfile_AW8_DW128_RP4_WP1,138039,137527,3.8,32768.0,663417,1051268,16,11454,0,0,686
absdiffs_DW1024,5937,4913,2.6,8.0,17462,24074,188,387,0,0,3072
fixed__medium__heat_3d,4354,4217,3.4,1216.0,18572,28573,36,363,0,0,268
ethmac_DW8_PTP_TS_WIDTH96_RX_USER_WIDTH1_TX_PTP_TAG_WIDTH16_TX_USER_WIDTH1,475,274,4.5,189.0,1510,2271,10,25,0,0,209
bnand_DW512,664,663,1.0,1.0,1326,1325,12,19,0,0,513
fifoasync_AW8_DW8,5193,5183,4.0,2084.0,26098,41820,14,378,0,0,24
i2,255,254,1.0,2.0,513,517,10,9,0,0,202
proxy.s0p15.15,133294,142321,3.0,48486.0,597319,1231469,40,10249,128,736,4943
csa32_DW512,3584,2560,1.6,2.0,6656,7168,4,512,0,0,2560
pipeline_DW256_N16,8742,8485,3.4,4112.0,37256,57285,6,414,0,0,517
datetime,916,850,3.5,275.0,3830,5894,16,59,0,0,113
sum_DW1024_N8,33314,32287,2.9,29.0,127011,188421,236,3015,0,0,9219
ramspnc_AW6_DW32,5339,5307,3.1,2080.0,21640,32634,12,336,0,0,73
fifosync_AW8_DW128,78353,78222,4.3,32922.0,413129,669683,14,4620,0,0,263
firfix_ACCW8_DW8_N128,3585,4473,3.9,3456.0,21709,67616,120,326,64,0,19
crossbar_DW16_N64,49493,48469,4.0,128.0,243712,389462,50,4691,0,0,6144
sub_DW128,740,612,2.4,5.0,2064,2776,56,50,0,0,384
RC6,11498,11446,4.2,4753.0,58995,98908,90,959,4,0,391
proxy.s0p1.21,58694,63694,2.9,22514.0,255067,581038,34,4324,86,272,2994
ramsdp_AW8_DW1024,618173,617149,3.0,263168.0,2468819,3702316,14,36017,0,0,2068
mult16b,48,47,2.6,30.0,168,241,62,3,0,0,18
ramspnc_AW10_DW256,624456,624200,3.0,262400.0,2508292,3767928,16,37081,0,0,525
s382,39,33,4.4,22.0,177,282,38,4,0,0,9
rambyte_AW10_DW16,39012,38996,4.3,16400.0,205669,333330,16,2302,0,0,46
sqdiff_DW32,354,421,3.0,60.0,1669,8180,64,32,3,0,128
pipeline_DW256_N4,2574,2317,3.1,1028.0,9512,14133,6,105,0,0,517
natalius_8bit_risc,118,100,3.9,25.0,485,752,12,11,0,0,28
vga_lcd,9918,9886,3.1,3803.0,41250,66465,14,721,0,4,196
muxpri_DW1024_N4,7176,6151,1.7,1027.0,16403,19479,6,206,0,0,5125
ramasync_AW6_DW8,1384,1376,3.1,512.0,5577,8394,12,89,0,0,24
rambit_AW6_DW8,1341,1333,4.2,523.0,6919,11164,12,91,0,0,32
c880_CY310,244,218,2.6,10.0,788,1114,53,17,0,0,117
rambyte_AW6_DW32,5282,5250,4.2,2084.0,27481,44430,12,337,0,0,76
pipeline_DW512_N32,33862,33349,3.4,16416.0,148232,229253,6,1646,0,0,1029
regfile_AW8_DW64_RP4_WP1,69638,69382,3.8,16384.0,336034,533048,16,5821,0,0,366
proxy.s0p15.93,114206,120743,3.3,37543.0,519654,1072053,40,9627,175,77,548
csa32_DW8,56,40,1.6,2.0,104,112,4,8,0,0,40
binv_DW1024,3072,2048,1.0,1.0,4096,3072,4,1024,0,0,2048
ramdp_AW6_DW1024,205976,203928,4.1,67584.0,1036060,1662216,12,14711,0,0,4113
rambit_AW8_DW1024,623187,622163,3.4,263168.0,2749338,4253326,14,36288,0,0,3082
mcs-4,96,86,2.6,35.0,309,436,8,5,0,0,14
fixed__small__nussinov,1830,1789,3.4,573.0,7790,13257,28,134,2,0,152
proxy.s0p15.13,63335,69221,2.9,26965.0,271186,656612,40,4733,120,50,254
bin2prio_DW32,103,70,2.8,7.0,263,353,16,7,0,0,65
s1196,117,103,4.0,27.0,511,802,12,11,0,0,28
fixed__mini__3mm,9744,9824,3.6,2366.0,45072,83988,50,832,13,0,621
ramspnc_AW6_DW8,1412,1404,3.1,520.0,5741,8666,12,91,0,0,25
des-perf,14594,14530,2.7,8808.0,54050,78976,10,1401,0,0,298
crossbar_DW128_N16,29758,27710,4.0,256.0,138911,220354,12,2872,0,0,4352
muxhot_DW128_N64,13309,13181,1.6,128.0,34490,42490,10,610,0,0,8384
axiram_AW10_DW128_STRB_WIDTH16,20746,20609,2.9,8324.0,81245,121135,12,1257,0,0,300
sbc,278,222,3.9,38.0,1088,1676,46,24,0,0,96
regfile_AW7_DW32_RP8_WP2,27501,27245,4.5,4096.0,151041,247336,16,2584,0,0,401
mux_DW32_N8,387,355,1.4,64.0,867,992,6,11,0,0,291
c432_NR2360,442,435,1.8,11.0,1199,1521,22,21,0,0,279
ramsp_AW10_DW1024,2113,2061,1.3,52.0,7385,39704,4,1,0,52,2060
firprog_ACCW8_DW8_N64,2295,2735,3.1,1344.0,11280,33658,70,162,32,0,531
pipeline_DW64_N8,1174,1109,3.3,520.0,4744,7205,6,54,0,0,133
proxy.s0p15.21,77391,82445,3.0,27775.0,345339,720276,40,5765,77,495,4889
proxy.s0p1.70,61,1,60.0,60.0,61,60,2,1,0,0,60
ramsp_AW8_DW32,77,76,1.1,8.0,241,1847,4,1,0,1,74
rambit_AW6_DW64,10651,10587,3.8,4175.0,51004,80770,12,691,0,0,200
min_DW256,1341,1085,3.0,255.0,4349,6272,14,76,0,0,768
proxy.s0p1.96,56215,60702,2.9,22506.0,239673,568755,36,4179,112,63,1004
ramsdp_AW4_DW1024,42012,40988,2.9,17408.0,159868,236736,10,2383,0,0,2060
mul_DW32_OW64,305,369,2.7,69.0,1351,7537,34,24,3,0,128
fixed__medium__3mm,3076,3128,2.7,1297.0,11582,27842,36,257,11,0,416
shiftb_DW16,122,106,4.4,42.0,571,914,8,9,0,0,38
fixed__medium__doitgen,15966,15978,3.3,5227.0,68428,111366,62,1183,6,0,301
cm162a,29,24,2.1,5.0,74,95,6,1,0,0,19
ramspnc_AW4_DW512,21024,20512,2.9,8704.0,79986,118436,10,1200,0,0,1031
add_DW256,1862,1605,2.9,15.0,6243,9019,60,160,0,0,770
cache_AW32_DW32_INDEXW8,162,182,1.6,38.0,632,3564,10,8,0,2,101
shiftreg_DW64,195,131,2.9,64.0,515,704,6,11,0,0,67
sum_DW16_N16,674,654,2.9,8.0,2566,3804,38,48,0,0,276
lfsr_DW128_LFSRW15,238,95,2.8,27.0,363,393,4,9,0,0,191
ramsp_AW4_DW32,73,72,1.2,8.0,237,1847,4,2,0,1,70
shiftb_DW64,649,585,4.7,178.0,3339,5444,10,62,0,0,136
mux_DW16_N16,356,340,1.5,64.0,836,976,6,11,0,0,276
ramsp_AW6_DW512,1047,1034,1.1,39.0,3371,29099,4,2,0,13,1032
regfile_AW5_DW128_RP8_WP2,25651,24627,4.6,4096.0,137683,225088,12,2225,0,0,1341
mm9a,92,83,3.8,22.0,399,623,26,10,0,0,21
proxy.s0p1.44,121,1,120.0,120.0,121,120,2,1,0,0,120
muxpri_DW256_N16,6415,6158,1.8,457.0,17358,22143,12,261,0,0,4369
square_default,4349,4221,4.1,181.0,21356,34142,102,487,0,0,192
S820,118,99,3.9,37.0,482,747,10,10,0,0,38
muxhot_DW32_N32,1676,1644,1.6,32.0,4280,5240,8,68,0,0,1088
csa42_DW512,4610,3585,2.1,4.0,11266,14337,6,172,0,0,3074
c880_SL640,258,232,2.2,8.0,750,1010,22,16,0,0,150
proxy.s0p1.64,70464,76520,3.0,24970.0,321902,723744,40,5252,76,542,4338
bnor_DW8,11,10,1.0,1.0,20,19,6,1,0,0,9
absdiffs_DW8,35,27,2.0,4.0,82,102,8,2,0,0,24
C1355,161,129,3.3,24.0,551,812,10,10,0,0,73
ramsdp_AW10_DW128,308990,308862,3.0,131200.0,1239657,1861462,16,18235,0,0,280
proxy.s0p1.57,123089,128811,3.1,45971.0,535125,1130998,40,9008,230,44,2532
max,1476,1346,2.8,130.0,5122,7422,70,103,0,0,642
dotprod_DW32_N8,1194,1543,2.5,224.0,5433,26577,46,76,16,0,547
sqdiff_DW128,3866,4873,3.2,70.0,20395,98990,326,417,25,0,512
proxy.s0p15.66,121,1,120.0,120.0,121,120,2,1,0,0,120
navre,1899,1849,4.0,317.0,9314,14880,26,181,0,0,84
proxy.s0p15.94,218509,232959,3.2,68202.0,989990,2238780,40,19179,402,12,513
proxy.s0p1.58,68075,74732,2.7,29910.0,281472,694447,36,4614,126,83,708
proxy.s0p15.47,8313,9593,2.6,3259.0,37371,120696,36,583,24,88,954
proxy.s0p15.41,103149,111876,3.1,38185.0,463989,1040767,40,8327,186,149,191
rom_AW12_DW16,62,46,2.0,16.0,138,168,6,3,0,0,30
csa32_DW256,1792,1280,1.6,2.0,3328,3584,4,256,0,0,1280
min_DW1024,5375,4351,3.0,1023.0,17542,25358,16,304,0,0,3072
proxy.s0p1.73,60662,65146,2.9,26418.0,254808,551976,36,4300,103,46,269
proxy.s0p1.2,47173,50093,2.9,18701.0,201114,426108,30,3413,72,114,1432
muxpri_DW16_N2,68,51,1.6,17.0,134,149,4,3,0,0,51
muxpri_DW32_N8,431,398,1.9,67.0,1157,1485,8,15,0,0,297
rom_AW14_DW8,34,26,1.8,8.0,74,88,6,2,0,0,18
axiram_AW8_DW32_STRB_WIDTH4,5215,5174,3.0,2084.0,20635,30881,12,315,0,0,96
proxy.s0p1.67,56709,61467,2.9,23049.0,242792,563172,36,4242,103,40,349
osdvu,205,192,3.2,64.0,811,1225,14,18,0,0,25
ctrl,63,37,4.3,25.0,197,294,6,6,0,0,33
ramdp_AW10_DW8,24743,24727,4.2,8208.0,128011,206552,16,1922,0,0,57
relu_DW8,24,16,1.4,7.0,38,36,4,3,0,0,16
proxy.s0p1.69,24208,24678,3.3,7949.0,107075,192784,32,1942,28,18,556
proxy.s0p1.60,124270,131425,3.1,40086.0,560535,1151583,40,10283,127,466,4279
ifu_esl_shiftreg_ifu_esl_shiftreg,52,36,3.6,16.0,164,240,6,3,0,0,20
muxpri_DW32_N2,132,99,1.6,33.0,262,293,4,6,0,0,99
rom_AW8_DW32,106,74,2.3,32.0,242,304,6,6,0,0,42
ramsp_AW4_DW512,1045,1032,1.1,65.0,3369,29099,4,2,0,13,1030
ramasync_AW4_DW64,2518,2454,2.9,1024.0,9638,14304,8,142,0,0,134
c499_RN640,226,194,2.3,20.0,637,854,12,11,0,0,137
sqrt_default,3704,3640,4.6,215.0,20268,33192,2014,418,0,0,192
fixed__medium__jacobi_1d,1286,1224,3.0,370.0,4929,9040,36,77,1,0,240
proxy.s0p15.89,53332,58055,2.8,22503.0,231249,521275,36,3718,75,318,2865
sum_DW8_N4,80,70,2.7,7.0,257,364,14,5,0,0,42
rambyte_AW14_DW8,328469,328461,3.5,131080.0,1473388,2289846,20,20138,0,0,33
muladdc_DW8_OW24,252,264,2.8,24.0,1008,3660,22,17,2,0,128
inc_DW1024,3474,2450,2.5,7.0,8647,11370,370,247,0,0,2048
ramsp_AW4_DW256,527,520,1.2,35.0,1739,14625,4,2,0,7,518
dffsync_DW1024,4098,3074,1.7,1024.0,8194,9216,4,171,0,0,2050
div,5261,5133,4.0,205.0,25802,41210,1704,571,0,0,256
sub_DW16,76,60,2.2,4.0,190,244,14,5,0,0,48
x4,248,177,2.4,46.0,594,763,8,13,0,0,165
ramsp_AW10_DW32,79,77,1.2,8.0,267,1276,4,1,0,2,76
s38417,1533,1427,3.9,448.0,6985,11010,185,160,0,0,130
fixed__small__bicg,1238,1275,2.7,489.0,4737,13811,32,127,7,0,255
csa,10300,10291,4.1,2025.0,52733,84875,344,979,0,0,86
proxy.s0p15.46,125628,133638,3.1,47594.0,555463,1110468,34,9688,151,246,249
rambit_AW4_DW128,5404,5276,3.6,2176.0,24272,37864,10,304,0,0,390
ramsp_AW8_DW8,29,28,1.1,3.0,89,267,4,1,0,1,26
bnand_DW256,334,333,1.0,1.0,666,665,10,11,0,0,257
crossbar_DW8_N16,2092,1964,3.5,26.0,8918,13780,12,181,0,0,512
counter_DW64,232,168,3.5,64.0,763,1126,16,14,0,0,67
axiram_AW6_DW32_STRB_WIDTH4,1426,1385,3.0,548.0,5528,8245,10,89,0,0,92
shiftar_DW256,1561,1305,4.6,269.0,7278,11690,10,131,0,0,520
proxy.s0p1.48,61539,64183,3.1,23848.0,265565,495308,32,4575,71,70,427
shiftr_DW256,1561,1305,4.6,269.0,7278,11690,10,131,0,0,520
bxnor_DW64,85,84,1.0,1.0,168,167,8,3,0,0,65
pipeline_DW8_N4,94,85,3.0,36.0,336,493,6,4,0,0,21
fixed__medium__syrk,2767,3005,2.8,1092.0,11371,31764,40,204,12,0,299
rambit_AW12_DW8,82562,82554,4.3,32776.0,435946,706776,18,5107,0,0,38
ramsp_AW8_DW256,531,524,1.2,24.0,1743,14625,4,2,0,7,522
sqrt,3704,3640,4.6,215.0,20268,33192,2014,418,0,0,192
fixed__small__heat_3d,4138,4013,3.4,1177.0,17650,27149,36,351,0,0,256
cmp_DW8,30,27,1.9,3.0,79,101,8,2,0,0,19
fifoasync_AW6_DW8,1402,1392,4.1,540.0,7065,11336,12,96,0,0,24
dffsync_DW256,1026,770,1.7,256.0,2050,2304,4,43,0,0,514
bnor_DW256,317,316,1.0,1.0,632,631,10,14,0,0,257
proxy.s0p1.9,799,657,2.0,140.0,2714,10196,10,19,0,20,655
axiram_AW14_DW256_STRB_WIDTH32,309217,308952,3.4,131332.0,1369364,2120559,16,18178,0,0,578
ramsp_AW12_DW256,839,1043,2.1,256.0,4926,17578,6,45,0,52,526
c499_NR1550,354,322,2.0,16.0,968,1260,10,18,0,0,228
ramdp_AW6_DW8,1777,1761,4.0,528.0,8867,14196,12,140,0,0,49
k2,574,529,4.0,86.0,2636,4169,12,63,0,0,90
arbiter_default,3103,2974,5.1,42.0,18236,30395,38,327,0,0,385
proxy.s0p15.31,60219,62735,3.1,22673.0,261686,502961,40,4594,57,124,817
firfix_ACCW32_DW32_N128,16997,21061,3.5,4864.0,93806,297010,170,1720,128,0,67
ramspnc_AW14_DW16,672973,672957,3.1,262160.0,2782086,4218242,20,42521,0,0,49
sub86,2824,2724,4.5,238.0,15053,24558,44,288,0,0,152
ramspnc_AW6_DW128,21017,20889,3.1,8320.0,85172,128438,12,1312,0,0,265
l15_NETWORK_2dmesh__L1D_8192_4__L15_8192_4_l15,271851,271371,3.1,106546.0,1110084,1677933,28,20295,0,3,931
mulreg_DW64_OW128,1340,1614,2.8,256.0,6063,27248,78,151,8,0,257
lfsr_DW32_LFSRW15,126,79,1.6,3.0,209,213,4,15,0,0,94
dotprod_DW8_N64,2369,3187,2.6,1344.0,11505,47406,80,143,32,0,1038
s38584_1,2289,1985,4.4,1080.0,10709,17144,338,245,0,0,341
sub_DW8,35,27,2.0,4.0,82,102,8,2,0,0,24
pipeline_DW512_N4,5134,4621,3.1,2052.0,18984,28213,6,207,0,0,1029
proxy.s0p15.2,53153,55938,2.9,21753.0,222085,453753,30,3763,72,100,1248
lfsr_DW8_LFSRW23,70,39,1.2,2.0,86,63,4,8,0,0,62
c432_RN640,198,191,2.1,21.0,601,813,20,13,0,0,107
ialu_DW128,845,713,3.0,302.0,2869,4180,66,59,0,0,399
C5315,565,442,2.8,24.0,1700,2393,14,44,0,0,301
lal,69,50,2.3,9.0,163,207,6,4,0,0,45
c432_NC2360,431,424,1.7,11.0,1154,1453,24,19,0,0,279
regfile_AW8_DW64_RP8_WP1,105889,105377,4.2,16384.0,552049,892832,16,9606,0,0,658
sub_DW512,2937,2425,2.6,7.0,8786,12210,98,191,0,0,1536
gost28147-89__mac,1595,1562,2.0,135.0,4762,6367,34,70,0,0,868
proxy.s0p15.11,141320,149418,3.2,50915.0,630426,1298642,40,11078,218,150,917
bin2gray_DW256,767,511,1.5,2.0,1277,1276,4,43,0,0,512
c432_BE280,607,600,3.9,36.0,2919,4631,24,66,0,0,71
mux_DW32_N32,1413,1381,1.5,256.0,3429,4064,8,45,0,0,1061
rambyte_AW12_DW8,86663,86655,3.2,32776.0,362395,551472,18,5654,0,0,31
shiftl_DW32,159,127,3.7,39.0,602,918,8,11,0,0,69
c499_RN1280,318,286,2.1,16.0,875,1146,12,14,0,0,201
absdiff_DW8,46,38,2.6,6.0,138,192,10,4,0,0,24
sha_core_256,3921,3885,3.9,1135.0,19159,30512,44,309,0,0,74
rambit_AW8_DW16,9727,9711,4.3,4112.0,51016,82594,14,572,0,0,58
ramdp_AW8_DW256,179393,178881,4.1,66048.0,913912,1469550,14,12398,0,0,1045
lfsr_DW64_LFSRW15,174,95,2.1,19.0,291,313,4,10,0,0,127
rambyte_AW4_DW16,698,682,3.0,272.0,2718,4056,10,42,0,0,40
relu_DW16,48,32,1.4,15.0,78,76,4,4,0,0,32
axiram_AW10_DW64_STRB_WIDTH8,20506,20433,3.1,8260.0,84614,128289,14,1259,0,0,166
fifosync_AW6_DW16,2582,2563,4.1,1060.0,13173,21201,12,164,0,0,39
sum_DW256_N32,29383,29122,3.1,16.0,119737,180969,266,2504,0,0,8453
pipeline_DW512_N64,66694,66181,3.5,32832.0,295944,459013,6,3290,0,0,1029
mm9b,110,101,4.1,28.0,513,815,36,10,0,0,21
proxy.s0p15.7,89578,98157,2.8,37280.0,393306,917705,36,6312,130,588,4685
axiram_AW6_DW64_STRB_WIDTH8,1456,1383,4.0,580.0,6846,10853,8,82,0,0,158
fixed__medium__bicg,1333,1361,2.7,540.0,5052,14440,32,134,7,0,269
sqdiff_DW8,46,45,2.5,21.0,156,761,10,2,1,0,32
crossbar_DW128_N32,108506,104410,4.0,256.0,521064,829212,24,11779,0,0,9216
proxy.s0p1.16,74586,77188,3.2,26522.0,326967,625474,40,5982,99,11,555
frg1,79,76,3.1,13.0,308,461,10,6,0,0,31
mux_DW8_N64,698,690,1.5,130.0,1720,2052,10,22,0,0,526
bxor_DW128,171,170,1.0,1.0,340,339,10,6,0,0,129
shiftreg_DW256,771,515,3.0,256.0,2051,2816,6,43,0,0,259
muxhot_DW512_N16,12347,11835,1.7,512.0,31846,39510,8,512,0,0,8720
fixed__small__ludcmp,4631,4566,3.1,1659.0,18647,32172,42,358,3,0,319
apbregs_AW6_DW128,28978,20657,3.5,8320.0,92205,134775,12,1732,0,0,8459
rambit_AW4_DW8,355,347,3.8,136.0,1653,2604,10,21,0,0,30
ramspnc_AW4_DW1024,42016,40992,2.9,17408.0,160545,238082,10,2395,0,0,2055
fifosync_AW4_DW128,5445,5314,3.0,2190.0,21108,31457,10,322,0,0,263
abs_DW256,910,654,2.7,255.0,2443,3322,88,57,0,0,512
muxhot_DW8_N4,60,52,1.5,8.0,132,152,6,2,0,0,44
sha_core_1,2568,2532,4.0,893.0,12617,20134,46,179,0,0,74
proxy.s0p1.90,133632,141944,3.3,44306.0,608379,1348996,40,11002,262,42,1725
cache_AW64_DW64_INDEXW8,307,357,1.6,72.0,1258,7532,12,14,0,4,197
S444,61,55,3.3,21.0,238,360,10,5,0,0,10
mmuart,296,261,3.2,96.0,1109,1661,14,21,0,0,61
firprog_ACCW32_DW32_N32,5145,6361,3.1,1056.0,25850,101986,78,393,64,0,1091
rambit_AW8_DW64,39220,39156,3.4,16448.0,172844,267312,14,2377,0,0,202
mux_DW16_N32,709,693,1.5,128.0,1717,2032,8,23,0,0,533
proxy.s0p15.58,75815,83384,2.7,32928.0,315881,795673,36,5228,150,99,804
majority,7,6,1.0,1.0,12,11,4,1,0,0,6
bxor_DW32,43,42,1.0,1.0,84,83,8,1,0,0,33
ramdp_AW10_DW16,47305,47273,4.1,16416.0,243377,392176,16,3467,0,0,89
proxy.s0p15.65,224613,240201,3.3,68024.0,1032666,2315616,40,20146,390,60,517
fixed__medium__2mm,3077,3310,2.7,1315.0,12232,34491,42,241,13,0,381
dotprod_DW128_N32,55118,75529,3.0,448.0,302825,1563835,180,5581,480,0,8325
proxy.s0p1.5,100242,105815,3.0,40430.0,422700,881677,36,7053,139,127,1827
bbuf_DW32,64,32,1.0,1.0,64,32,2,0,0,0,64
pipeline_DW64_N32,4294,4229,3.4,2080.0,18760,28997,6,212,0,0,133
bin2gray_DW8,23,15,1.5,2.0,37,36,4,2,0,0,16
rambit_AW6_DW128,21138,21010,3.8,8377.0,101505,160862,12,1322,0,0,392
log2_default,8276,8244,4.5,302.0,45548,74576,134,957,0,0,64
S38417,3755,3649,3.4,1463.0,16118,24832,16,276,0,0,135
wb_dma,2048,1833,3.0,532.0,7422,10963,18,139,0,0,431
bor_DW512,633,632,1.0,1.0,1264,1263,10,25,0,0,513
firfix_ACCW64_DW64_N4,1434,1634,3.3,320.0,6955,20346,62,138,8,0,131
fifosync_AW6_DW32,5084,5049,4.1,2100.0,25991,41849,12,313,0,0,71
muxpri_DW128_N8,1679,1550,1.9,258.0,4517,5805,8,53,0,0,1161
cop,277,258,3.3,98.0,1119,1703,14,19,0,0,50
bin2prio_DW512,1640,1127,2.8,7.0,4294,5821,208,120,0,0,1025
proxy.s0p1.86,58987,60824,3.4,19062.0,268018,519471,34,4975,83,75,1427
fixed__mini__ludcmp,4466,4410,3.1,1611.0,17928,31055,42,346,3,0,310
ramsdp_AW12_DW64,619229,619165,3.0,262208.0,2475384,3712374,18,39786,0,0,156
S953,195,172,3.8,35.0,824,1281,10,16,0,0,40
dotprod_DW8_N16,538,702,2.5,336.0,2490,10076,34,31,8,0,268
rambyte_AW4_DW8,351,343,3.0,136.0,1367,2040,10,21,0,0,23
ramsdp_AW10_DW8,20302,20294,3.2,8200.0,84261,127926,16,1242,0,0,40
shiftreg_DW8,27,19,2.5,8.0,67,88,6,2,0,0,11
ramasync_AW10_DW256,623713,623457,3.0,262144.0,2504879,3762588,16,37459,0,0,524
syncRAM,192,184,2.9,72.0,715,1054,8,12,0,0,23
fixed__mini__gemm,7775,8086,3.2,2795.0,34046,71355,40,577,14,0,349
band_DW128,166,165,1.0,1.0,330,329,10,5,0,0,129
dec_DW16,50,34,2.6,7.0,123,162,8,3,0,0,32
ramspnc_AW4_DW64,2650,2586,2.9,1088.0,10104,14972,10,153,0,0,135
c432_NS1720,357,350,1.9,11.0,1019,1331,20,17,0,0,215
fixed__medium__floyd_warshall,1329,1285,3.1,435.0,5317,9100,32,90,1,0,141
regfile_AW4_DW256_RP2_WP1,12068,11556,3.3,4096.0,49821,76018,10,800,0,0,784
proxy.s0p1.45,71573,78410,2.8,32821.0,297490,695627,36,4874,145,95,617
crossbar_DW8_N4,144,112,2.9,9.0,433,610,6,7,0,0,80
cm150a,28,27,1.3,4.0,61,67,8,1,0,0,22
proxy.s0p15.49,151887,163773,3.0,59821.0,657366,1503492,40,11694,295,54,220
firprog_ACCW32_DW32_N64,10212,12676,3.1,2080.0,51462,203620,118,766,128,0,2115
aes_10cycle_10stage,14856,14727,4.9,1541.0,86235,142887,68,1528,0,0,388
rambit_AW10_DW16,39055,39039,4.3,16400.0,205746,333398,16,2316,0,0,60
fifoasync_AW8_DW32,20062,20028,3.9,8228.0,97337,154584,14,1393,0,0,72
firprog_ACCW128_DW128_N32,55488,74464,3.2,4226.0,309309,1501178,178,5797,480,0,4355
sum_DW256_N8,7616,7357,2.9,14.0,28856,42739,164,652,0,0,2307
shiftar_DW16,68,52,3.4,16.0,230,340,6,4,0,0,36
muladd_DW64_OW128,1495,1769,2.9,98.0,6830,28472,96,141,8,0,384
ramsdp_AW10_DW16,39570,39554,3.1,16400.0,161404,243684,16,2359,0,0,56
proxy.s0p1.81,100162,108084,3.0,39317.0,443574,965602,36,7458,140,406,2057
proxy.s0p15.56,114957,121050,3.2,39282.0,512129,1026369,40,9603,154,37,362
mult32a,113,112,2.6,44.0,405,585,67,9,0,0,34
pipeline_DW8_N8,166,157,3.2,72.0,656,989,6,8,0,0,21
abs_DW512,1899,1387,2.6,511.0,5003,6720,120,121,0,0,1024
proxy.s0p15.75,96841,103746,3.2,32254.0,436380,966661,40,8264,154,93,487
lfsr_DW64_LFSRW31,224,129,2.4,32.0,433,513,6,15,0,0,159
fifoasync_AW6_DW128,20207,20077,4.2,8220.0,104881,169478,12,1450,0,0,264
proxy.s0p15.95,145755,162325,2.8,59502.0,641460,1616564,36,10060,252,816,5888
muxhot_DW256_N32,13298,13042,1.6,256.0,34244,42148,8,554,0,0,8480
fifosync_AW12_DW8,78973,78962,3.5,32814.0,352826,547717,18,4680,0,0,23
spree,1296,1401,3.4,327.0,6474,15878,40,106,1,6,77
ramsdp_AW4_DW64,2652,2588,2.9,1088.0,10131,15022,10,152,0,0,140
rom_AW6_DW128,392,264,2.4,128.0,910,1164,6,22,0,0,136
proxy.s0p15.14,96729,101709,3.2,35694.0,424632,888498,40,7327,158,60,1504
fpu_fpu,22644,22497,3.5,3641.0,101187,157120,70,1846,0,0,237
c432_CS640,209,202,2.3,18.0,664,917,18,13,0,0,107
comp,53,50,1.9,3.0,144,185,10,3,0,0,35
ramdp_AW6_DW512,102960,101936,4.1,33792.0,517943,830990,12,7366,0,0,2065
cmp_DW128,446,443,2.0,4.0,1319,1749,12,26,0,0,259
add_DW16,93,76,2.6,5.0,276,383,16,5,0,0,50
fifoasync_AW12_DW64,635455,635389,3.5,262196.0,2877181,4483518,18,46124,0,0,136
proxy.s0p1.66,106736,113601,3.0,42864.0,454518,938969,34,7835,142,33,178
muxpri_DW512_N16,12806,12293,1.8,882.0,34549,43999,12,521,0,0,8721
firprog_ACCW8_DW8_N32,1149,1365,3.1,672.0,5606,16762,44,79,16,0,275
parity,22,21,1.0,1.0,42,41,6,1,0,0,17
proxy.s0p15.1,136485,143784,3.3,41940.0,620677,1292467,40,12148,178,33,168
rambyte_AW4_DW32,1388,1356,3.0,544.0,5424,8104,10,84,0,0,74
sum_DW256_N4,3629,3371,2.8,12.0,12817,18634,100,311,0,0,1282
lfsr_DW128_LFSRW23,262,111,2.5,27.0,385,397,4,13,0,0,207
dffasync_DW128,642,514,1.7,256.0,1410,1664,6,26,0,0,258
shiftreg_DW1024,3075,2051,3.0,1024.0,8195,11264,6,171,0,0,1027
rambyte_AW12_DW32,329897,329865,4.3,131104.0,1742571,2825380,18,20439,0,0,82
counter_DW16,57,41,3.4,16.0,180,262,12,3,0,0,19
c499_NS1870,401,369,2.0,20.0,1093,1416,12,18,0,0,260
C2670,487,347,1.8,11.0,977,1120,12,19,0,0,373
ramspnc_AW10_DW128,312813,312685,3.0,131200.0,1257514,1889530,16,18604,0,0,269
regfile_AW5_DW32_RP4_WP2,4412,4284,4.3,1024.0,22701,36706,12,364,0,0,229
mac_DW8_OW24,117,108,2.9,24.0,422,1159,20,6,1,0,43
bnor_DW16,21,20,1.0,1.0,40,39,6,1,0,0,17
bcdToseg_8,18,11,3.2,7.0,46,63,4,2,0,0,11
i4,240,234,1.0,1.0,468,462,8,10,0,0,198
axiram_AW10_DW32_STRB_WIDTH4,20408,20367,3.0,8228.0,81625,122475,14,1253,0,0,100
bin2prio_DW16,51,34,2.8,7.0,129,173,8,4,0,0,33
lfsr_DW32_LFSRW7,110,71,2.3,5.0,232,283,4,7,0,0,78
c880_NR3080,604,578,1.8,14.0,1605,2028,20,25,0,0,394
sum_DW16_N128,5863,5840,3.0,9.0,23505,35307,138,450,0,0,2071
regfile_AW9_DW128_RP2_WP1,208538,208282,3.4,65536.0,922291,1427762,18,15777,0,0,415
mux_DW16_N128,2769,2753,1.5,513.0,6903,8284,10,90,0,0,2071
S832,118,99,3.8,36.0,476,735,10,9,0,0,38
rambit_AW10_DW64,157066,157002,3.4,65600.0,695646,1077224,16,9495,0,0,204
fifoasync_AW8_DW512,317423,316909,3.8,131108.0,1525624,2416916,14,22524,0,0,1032
proxy.s0p1.14,66466,68579,3.2,24113.0,289756,573491,40,5094,114,54,1687
aes_core__aes_inv_cipher,2932,2927,3.8,572.0,14307,28827,16,304,0,4,389
proxy.s0p1.22,73739,78353,3.1,29729.0,323530,669556,40,5314,135,76,705
proxy.s0p1.94,167084,176621,3.2,52840.0,750280,1624073,40,14471,272,9,481
csa42_DW8,74,57,2.1,4.0,178,225,6,4,0,0,50
dynamic_node_2dmesh_NETWORK_2dmesh_dynamic_node_2dmesh,854,845,2.6,205.0,3389,11151,16,59,0,4,281
proxy.s0p15.68,103936,111769,3.1,37866.0,458313,1185063,40,7869,287,19,2501
fixed__mini__fdtd_2d,2021,1894,2.9,604.0,7439,12655,34,145,1,0,401
proxy.s0p1.39,161826,174747,2.9,66909.0,687175,1632383,40,11374,353,31,1318
regfile_AW8_DW32_RP8_WP1,53301,53045,4.2,8192.0,277828,449310,16,4909,0,0,370
c432_CY530,196,189,2.4,19.0,638,891,74,12,0,0,95
c499_SL640,226,194,2.1,16.0,604,788,14,11,0,0,137
blob_merge,6981,6881,4.3,735.0,36735,59608,40,690,0,0,136
lfsr_DW64_LFSRW23,198,111,2.1,46.0,340,371,4,12,0,0,143
fpga-median,1642,1570,3.6,248.0,7224,11236,52,171,0,0,170
regfile_AW6_DW64_RP4_WP2,18014,17758,4.2,4096.0,92228,148684,14,1517,0,0,427
umiregs_default,4330,3080,4.1,1250.0,15833,24256,10,245,0,0,1444
fifosync_AW10_DW8,20080,20069,3.4,8232.0,88429,136709,16,1215,0,0,23
proxy.s0p1.30,156784,162670,3.3,54774.0,696211,1318032,40,12490,202,148,1007
ramsdp_AW6_DW512,78473,77961,3.0,33280.0,310708,464982,12,4627,0,0,1040
rom_AW10_DW16,60,44,2.0,16.0,134,164,6,3,0,0,28
ramsdp_AW12_DW8,77025,77017,3.4,32776.0,341336,528630,18,4488,0,0,44
firprog_ACCW128_DW128_N16,28686,38110,3.2,2178.0,159100,757660,142,2995,240,0,2307
regfile_AW6_DW256_RP2_WP1,52273,51761,3.3,16384.0,223161,342288,14,3924,0,0,790
p16c5x,2603,2409,3.7,747.0,11292,17572,20,185,0,0,220
fifosync_AW6_DW128,20067,19936,4.1,8340.0,102438,164873,12,1194,0,0,263
proxy.s0p15.20,69442,73865,3.0,26659.0,301125,617508,34,5372,98,62,403
rambit_AW8_DW8,4888,4880,4.2,2056.0,25587,41406,14,298,0,0,34
ramdp_AW6_DW32,6575,6511,4.1,2112.0,33037,52988,12,473,0,0,145
fifosync_AW4_DW1024,42857,41830,3.0,17422.0,165515,246343,10,2499,0,0,2055
s15850_1,1062,912,3.7,151.0,4241,6508,190,103,0,0,226
fifosync_AW10_DW128,309289,309158,3.0,131232.0,1240100,1861753,16,18349,0,0,263
sum_DW256_N16,15233,14973,3.0,17.0,60086,89966,216,1311,0,0,4356
sum_DW32_N64,5764,5726,3.0,8.0,22825,34160,118,434,0,0,2086
fixed__small__lu,3556,3594,3.1,1311.0,14749,26891,40,249,4,0,133
gost28147-89__cfb,2092,2027,2.3,360.0,6597,9075,36,88,0,0,901
proxy.s0p15.63,46897,50825,3.0,18186.0,205426,527850,36,3532,132,56,940
rom_AW14_DW256,784,528,2.5,256.0,1822,2332,6,43,0,0,272
cache_AW32_DW32_INDEXW4,162,186,1.6,38.0,644,3780,10,9,0,2,101
rambit_AW10_DW128,313037,312909,3.4,131200.0,1386919,2147892,16,18668,0,0,396
crossbar_DW8_N64,26795,26283,3.7,128.0,123904,194730,50,2339,0,0,5120
proxy.s0p15.64,112975,125055,2.9,40576.0,517981,1272608,40,8367,144,908,7002
mulreg_DW8_OW16,67,66,1.8,32.0,183,773,6,7,1,0,33
ramasync_AW12_DW32,333932,333900,3.1,131072.0,1368436,2069040,18,20957,0,0,78
inc_DW16,50,34,2.6,7.0,123,162,8,3,0,0,32
rambit_AW6_DW16,2667,2651,4.2,1042.0,13797,22276,12,174,0,0,56
ialu_DW32,211,175,2.9,63.0,681,976,24,15,0,0,111
fifoasync_AW6_DW64,10276,10210,4.1,4124.0,52182,83878,12,761,0,0,136
ramspnc_AW4_DW16,682,666,2.9,272.0,2616,3884,10,39,0,0,39
proxy.s0p1.4,30292,31666,3.1,10862.0,130555,302432,36,2363,68,4,832
s298,33,27,3.7,13.0,126,192,19,4,0,0,9
tiny_aes_256,33309,33181,4.0,11696.0,166395,266300,10,3215,0,0,513
c432_CY2000,459,452,2.1,19.0,1414,1917,221,26,0,0,242
muls_DW16_OW32,66,65,1.1,5.0,134,1253,4,1,1,0,64
bxnor_DW1024,1363,1362,1.0,1.0,2724,2723,12,53,0,0,1025
proxy.s0p1.72,115453,122693,2.9,48733.0,476493,1029210,36,7869,173,27,1328
fixed__medium__trmm,2200,2200,3.0,774.0,8721,16701,38,148,4,0,218
adder4bit_1,22,17,2.5,5.0,59,79,6,1,0,0,14
max_DW128,670,542,3.0,127.0,2174,3136,14,37,0,0,384
fifoasync_AW4_DW512,21609,21095,4.1,8212.0,106882,171060,10,1362,0,0,1032
ramasync_AW6_DW32,5279,5247,3.1,2048.0,21337,32148,12,331,0,0,72
bar,775,647,4.4,128.0,3463,5504,10,65,0,0,263
absdiffs_DW128,739,611,2.4,5.0,2069,2788,56,51,0,0,384
proxy.s0p1.33,56539,59203,3.1,19827.0,246746,512094,40,4430,72,198,2659
RS232_T400,102,91,2.8,34.0,342,491,10,7,0,0,15
muxpri_DW8_N16,235,226,1.9,18.0,653,845,12,10,0,0,153
proxy.s0p1.26,39962,41654,3.2,14093.0,179073,356774,34,3214,53,94,1129
muxhot_DW8_N32,445,437,1.5,8.0,1098,1314,8,19,0,0,296
fifoasync_AW6_DW32,5262,5228,3.1,2076.0,21442,32394,12,365,0,0,72
ramsp_AW10_DW16,46,45,1.1,4.0,140,638,4,1,0,1,44
firprog_ACCW64_DW64_N16,7738,10106,3.0,1090.0,40656,187468,90,696,80,0,1155
arbiter_N16,49,33,2.7,7.0,121,160,8,3,0,0,32
c880_CY2030,558,532,2.2,14.0,1723,2356,231,33,0,0,289
trigonometric_functions_in_double_fpu,3396,3332,4.0,499.0,16758,26788,74,323,0,0,101
muladdc_DW16_OW40,500,544,2.5,8.0,1914,7248,36,37,2,0,224
proxy.s0p1.79,71244,75828,3.0,26106.0,312439,642894,34,5503,75,260,1645
aes_default,2545,2416,3.7,562.0,11431,17901,16,226,0,0,388
muxcase_DW128,1809,1681,2.1,256.0,5165,6840,8,67,0,0,1160
dec_DW8,25,17,2.4,7.0,57,72,6,2,0,0,16
voter,2640,2639,3.1,7.0,10705,16131,28,211,0,0,1002
ramasync_AW10_DW32,78899,78867,3.0,32768.0,317619,477472,16,4724,0,0,76
rom_AW10_DW256,780,524,2.5,256.0,1814,2324,6,43,0,0,268
arbiter,3103,2974,5.1,42.0,18236,30395,38,327,0,0,385
rom_AW8_DW64,202,138,2.4,64.0,466,592,6,11,0,0,74
regfile_AW5_DW32_RP4_WP1,4330,4202,3.8,1024.0,20285,32038,12,361,0,0,191
C3540,320,298,4.1,51.0,1508,2398,16,28,0,0,72
bxor_DW64,85,84,1.0,1.0,168,167,8,3,0,0,65
clstm_like.medium,664469,688633,3.0,309930.0,2775010,5262103,22,37438,698,477,1230
arm_core,15287,16260,3.6,3871.0,77982,180825,50,1268,0,40,312
proxy.s0p15.36,200230,210419,3.2,66942.0,893917,1824010,40,16626,274,92,1682
ramspnc_AW10_DW64,156932,156868,3.0,65600.0,631893,949986,16,9476,0,0,141
ca_prng,253,221,3.6,40.0,1006,1538,10,16,0,0,77
bxor_DW16,22,21,1.0,1.0,42,41,6,1,0,0,17
sub_DW64,370,306,2.2,4.0,971,1266,44,27,0,0,192
alu2,108,102,4.1,35.0,516,822,14,11,0,0,16
csa32_DW64,448,320,1.6,2.0,832,896,4,64,0,0,320
bin2gray_DW128,383,255,1.5,2.0,637,636,4,22,0,0,256
regfile_AW5_DW64_RP4_WP2,8545,8289,4.3,2048.0,43888,70942,12,712,0,0,421
ss_pcm,211,202,2.9,87.0,778,1143,8,13,0,0,28
priority_default,273,265,2.3,7.0,878,1218,52,17,0,0,136
ramsp_AW10_DW256,538,525,1.3,13.0,1856,9926,4,1,0,13,524
muxhot_DW128_N8,1584,1456,1.7,128.0,3928,4816,6,46,0,0,1160
lfsr_DW16_LFSRW15,78,47,1.4,2.0,111,97,4,15,0,0,62
c880_NC2120,472,446,2.0,13.0,1339,1760,18,21,0,0,298
lfsr_DW16_LFSRW47,142,79,1.4,2.0,190,159,4,16,0,0,126
sum_DW32_N16,1429,1393,3.0,8.0,5561,8300,54,106,0,0,548
mux_DW512_N8,6147,5635,1.5,1024.0,13827,15872,6,158,0,0,4611
sub_DW256,1487,1231,2.5,6.0,4323,5928,68,100,0,0,768
x2,28,21,2.5,9.0,73,97,6,2,0,0,17
fifoasync_AW8_DW1024,636848,635822,3.1,262180.0,2600468,3928266,14,44526,0,0,2056
regfile_AW5_DW64_RP2_WP1,6369,6241,3.4,2048.0,27353,42096,12,464,0,0,211
int2float,58,51,4.2,21.0,265,421,8,4,0,0,18
regfile_AW10_DW16_RP2_WP1,54499,54467,3.4,16384.0,239502,370038,18,4152,0,0,82
muxpri_DW128_N4,902,773,2.2,257.0,2442,3209,6,27,0,0,645
picorv32_default,2753,2576,3.7,772.0,12258,22223,34,208,0,2,274
fifosync_AW14_DW8,315352,315341,3.5,131124.0,1408620,2186547,22,18660,0,0,23
fifoasync_AW8_DW64,40358,40292,3.1,16420.0,163957,247264,14,2981,0,0,136
muxcase_DW64,913,849,2.1,128.0,2615,3468,8,36,0,0,584
fifosync_AW6_DW256,40257,39998,4.2,16660.0,206151,332047,12,2429,0,0,519
S1423,234,229,3.0,74.0,923,1383,24,17,0,0,23
bor_DW8,11,10,1.0,1.0,20,19,6,1,0,0,9
ima_adpcm_dec,451,433,3.8,112.0,2096,3308,28,42,0,0,49
band_DW512,664,663,1.0,1.0,1326,1325,12,19,0,0,513
proxy.s0p1.49,136000,144660,3.0,53841.0,583652,1223980,36,10355,208,50,220
fixed__medium__gemm,2158,2385,2.7,1007.0,8716,27287,38,188,11,0,267
rambit_AW6_DW256,42253,41997,3.8,16640.0,203235,322220,12,2626,0,0,776
ifu_esl_lfsr_ifu_esl_lfsr,70,53,2.8,17.0,203,283,8,3,0,0,37
C6288,581,549,4.0,35.0,2735,4340,34,68,0,0,64
PIC16F84_T300,1073,1004,3.6,285.0,4635,7549,16,86,0,1,134
encoder8to3_4,11,7,1.4,2.0,17,16,4,3,0,0,7
proxy.s0p15.43,182092,194877,3.2,59884.0,818268,1809633,40,15509,290,69,577
attention_layer,317556,319532,3.8,132698.0,1521591,2478382,32,21566,68,0,1089
fixed__medium__nussinov,1944,1905,3.4,613.0,8294,14359,30,143,2,0,159
bin2gray_DW1024,3071,2047,1.5,2.0,5117,5116,4,171,0,0,2048
muls_DW32_OW64,305,369,2.7,69.0,1351,7537,34,24,3,0,128
rambyte_AW8_DW64,40403,40339,3.3,16448.0,175237,269732,14,2468,0,0,146
regfile_AW4_DW128_RP2_WP1,6056,5800,3.3,2048.0,24920,37984,10,397,0,0,400
c880_NS3080,612,586,1.8,12.0,1661,2124,18,28,0,0,394
pcle,42,33,2.3,9.0,110,145,6,2,0,0,28
abs_DW1024,3602,2578,2.8,1023.0,9817,13454,354,229,0,0,2048
configurable_crc_core,26,21,2.4,7.0,72,97,8,2,0,0,10
dotprod_DW16_N32,2052,2671,2.2,160.0,8562,35441,64,112,16,0,1045
c499_CS640,226,194,2.2,13.0,621,822,12,12,0,0,137
sparc_mul_sparc_mul,4669,4604,3.8,725.0,21902,34531,28,461,0,0,197
proxy.s0p15.83,122519,130026,3.3,40200.0,557796,1164853,40,10467,180,33,162
mux_DW512_N4,3074,2562,1.4,512.0,6146,6656,4,86,0,0,2562
ramsp_AW8_DW64,142,140,1.2,16.0,470,3694,4,1,0,2,138
fixed__medium__gramschmidt,13368,13289,3.1,7189.0,53846,85110,38,1319,3,0,269
fixed__medium__syr2k,4320,4821,2.7,1844.0,17918,55054,42,317,19,0,397
firprog_ACCW128_DW128_N64,107353,145433,3.1,8325.0,597869,2967976,224,11120,960,0,8451
proxy.s0p15.87,23138,25166,2.7,9856.0,93891,215434,30,1583,32,16,286
ramdp_AW4_DW1024,51261,49213,3.9,18432.0,238788,377102,10,3080,0,0,4109
stereovision1,22981,25116,2.8,11777.0,94598,223179,16,1650,76,0,278
muls_DW64_OW128,1085,1359,2.9,98.0,5352,26336,76,105,8,0,256
i1,55,39,1.6,7.0,103,112,6,4,0,0,41
mux,28,27,1.3,4.0,61,67,8,1,0,0,22
gray2bin_DW256,767,511,1.9,6.0,1491,1704,104,44,0,0,512
lfsr_DW16_LFSRW63,174,95,1.3,2.0,222,175,4,16,0,0,158
fifoasync_AW10_DW64,158104,158038,3.4,65580.0,697047,1077952,16,11261,0,0,136
sum_DW8_N64,1526,1512,3.0,9.0,6098,9158,70,123,0,0,526
cmp_DW32,112,109,1.9,3.0,321,421,10,6,0,0,67
rom_AW4_DW512,1542,1030,2.5,512.0,3594,4616,6,86,0,0,518
absdiff_DW32,224,192,2.9,31.0,757,1098,16,16,0,0,96
inc_DW256,886,630,2.4,7.0,2163,2810,84,65,0,0,512
ramsdp_AW6_DW16,2539,2523,3.0,1040.0,10088,15114,12,152,0,0,48
ps2,692,654,3.5,244.0,2934,4522,18,52,0,0,67
proxy.s0p1.76,41,1,40.0,40.0,41,40,2,1,0,0,40
hyp,47775,47647,4.3,409.0,252744,410066,8362,5455,0,0,384
dotprod_DW16_N16,998,1282,2.1,80.0,4038,16740,42,54,8,0,532
ramspnc_AW6_DW16,2717,2701,3.1,1040.0,11023,16628,12,173,0,0,41
onehot_DW64,134,70,6.4,64.0,518,832,4,11,0,0,70
cordic,36,34,1.4,3.0,80,90,8,2,0,0,25
proxy.s0p15.30,102891,109287,3.2,36166.0,466451,956626,40,8420,132,198,110
S349,69,58,2.7,15.0,213,299,10,6,0,0,21
cache_AW32_DW32_INDEXW6,164,186,1.6,38.0,650,3692,10,8,0,2,101
proxy.s0p1.91,70398,74005,3.2,24527.0,312271,634317,40,5676,87,89,774
fixed__medium__correlation,35394,35373,3.1,18238.0,144273,228088,40,3609,8,0,417
round_DW128_FW64,369,241,2.2,63.0,764,918,28,19,0,0,256
fixed_point_arithmetic_parameterized,890,876,3.6,133.0,4016,10612,50,73,3,0,162
fifoasync_AW14_DW8,317602,317592,3.5,131132.0,1421183,2207172,20,22286,0,0,24
relu_DW64,192,128,1.5,63.0,318,316,4,12,0,0,128
rambit_AW4_DW32,1368,1336,3.6,544.0,6132,9560,10,77,0,0,102
fixed__medium__jacobi_2d,2606,2599,3.2,824.0,10883,21241,38,193,4,0,268
rambit_AW4_DW64,2712,2648,3.6,1088.0,12180,19000,10,159,0,0,198
frg2,476,337,2.8,83.0,1288,1763,8,28,0,0,282
fifosync_AW10_DW16,40589,40570,3.1,16432.0,166442,251725,16,2485,0,0,39
proxy.s0p15.88,84555,89285,3.0,31903.0,368684,732392,32,6332,106,324,3376
add_DW32,209,176,2.6,7.0,634,883,26,16,0,0,98
fixed__mini__symm,3516,3996,2.7,1422.0,14978,47362,48,261,19,0,274
fifoasync_AW6_DW16,2684,2666,4.2,1052.0,13780,22210,12,190,0,0,40
regfile_AW5_DW32_RP2_WP1,3205,3141,3.4,1024.0,13789,21232,12,228,0,0,115
regfile_AW4_DW32_RP2_WP1,1536,1472,3.3,512.0,6305,9602,10,105,0,0,112
mulc_DW32,1183,1567,3.0,70.0,6344,31974,54,122,12,0,256
proxy.s0p1.74,214726,226968,3.2,74240.0,964788,2002362,40,17314,310,266,2055
c432_SL640,198,191,2.1,12.0,591,793,24,12,0,0,107
regfile_AW6_DW64_RP8_WP1,27396,26884,4.1,4096.0,137959,221638,14,2502,0,0,640
fixed__small__gramschmidt,39007,38984,3.4,14514.0,169614,269387,86,3423,6,0,336
pipeline_DW32_N32,2182,2149,3.4,1056.0,9512,14693,6,110,0,0,69
adder4bit_7,20,15,2.1,3.0,46,57,6,1,0,0,14
rom_AW14_DW16,64,48,2.0,16.0,142,172,6,3,0,0,32
add_DW8,44,35,2.5,5.0,123,167,10,3,0,0,26
rom_AW6_DW32,104,72,2.3,32.0,238,300,6,6,0,0,40
bxnor_DW16,22,21,1.0,1.0,42,41,6,1,0,0,17
mux_DW128_N8,1539,1411,1.5,256.0,3459,3968,6,41,0,0,1155
sum_DW128_N64,25140,25006,3.1,10.0,101798,153450,224,1969,0,0,8326
log2_DW32,69,63,2.3,4.0,211,290,16,4,0,0,38
s444,38,32,4.4,22.0,174,278,34,4,0,0,9
muxhot_DW32_N128,6158,6126,1.6,32.0,16220,20156,10,246,0,0,4256
lfsr_DW8_LFSRW7,38,23,1.4,2.0,55,49,4,7,0,0,30
rambit_AW10_DW8,19570,19562,4.3,8200.0,102997,166862,16,1168,0,0,36
firprog_ACCW16_DW16_N16,1194,1418,2.8,274.0,5318,16664,40,87,8,0,291
muxhot_DW1024_N8,12786,11762,1.7,1024.0,31708,38868,6,369,0,0,9224
proxy.s0p1.95,134330,148208,2.8,55585.0,580849,1411864,36,9247,228,504,3666
shiftar_DW8,33,25,2.9,10.0,98,138,6,2,0,0,19
lfsr_DW32_LFSRW23,142,87,1.5,2.0,215,201,4,23,0,0,110
proxy.s0p1.61,52884,56229,3.1,19652.0,233497,504895,36,4295,81,57,333
fixed__small__doitgen,8433,8456,3.2,2771.0,35909,61383,54,617,6,0,290
muxhot_DW128_N32,6627,6499,1.6,128.0,17062,20998,8,279,0,0,4256
rambyte_AW10_DW32,77987,77955,4.3,32800.0,411245,666548,16,4554,0,0,80
sum_DW64_N64,11918,11848,3.0,10.0,47596,71426,158,913,0,0,4166
ramsdp_AW4_DW8,356,348,3.0,136.0,1376,2048,10,20,0,0,28
cache_AW32_DW32_INDEXW10,166,182,1.9,40.0,697,2542,10,9,0,4,101
firfix_ACCW128_DW128_N4,3026,3434,3.3,640.0,14863,42562,112,292,16,0,259
muxpri_DW256_N2,1028,771,1.7,257.0,2054,2309,4,43,0,0,771
rom_AW4_DW256,774,518,2.5,256.0,1802,2312,6,43,0,0,262
fifoasync_AW8_DW16,10148,10130,3.7,4132.0,47169,74060,14,722,0,0,40
pipeline_DW64_N4,654,589,3.1,260.0,2408,3573,6,28,0,0,133
arbiter_N64,204,140,2.7,7.0,523,702,28,14,0,0,128
bxor_DW8,11,10,1.0,1.0,20,19,6,1,0,0,9
log2_DW1024,2148,2137,2.3,7.0,7105,9925,412,126,0,0,1035
muxhot_DW8_N64,909,901,1.5,8.0,2250,2690,10,39,0,0,584
S1196,167,153,3.8,32.0,740,1160,14,14,0,0,29
c499_CY520,241,209,2.3,13.0,692,934,64,15,0,0,124
fifoasync_AW10_DW16,39842,39824,3.7,16428.0,186168,292670,16,2841,0,0,40
s27,8,7,1.3,2.0,16,17,8,1,0,0,5
ialu_DW256,1668,1408,3.1,615.0,5704,8332,114,111,0,0,783
ramasync_AW10_DW64,156817,156753,3.0,65536.0,630378,947186,16,9479,0,0,140
proxy.s0p1.62,200140,209150,3.3,62061.0,896725,1760880,40,17498,213,24,466
S38584,3580,3276,3.6,1274.0,15102,23348,16,272,0,0,342
apbregs_AW4_DW16,910,637,4.1,320.0,3234,4921,8,47,0,0,297
fifoasync_AW10_DW256,632500,632242,3.6,262188.0,2916879,4569016,16,45443,0,0,520
firprog_ACCW16_DW16_N64,4662,5606,2.8,1040.0,21138,66568,86,337,32,0,1059
ramasync_AW12_DW8,82511,82503,4.3,32768.0,435543,706072,18,5106,0,0,30
muls_DW128_OW256,3493,4492,3.1,70.0,18593,95716,170,369,25,0,512
mux_DW32_N64,2781,2749,1.5,509.0,6876,8222,10,89,0,0,2086
onehot_DW8,19,11,2.9,8.0,43,56,4,2,0,0,11
fifosync_AW4_DW512,21445,20930,2.9,8718.0,82662,122949,10,1249,0,0,1031
sasc,309,297,3.5,124.0,1335,2064,8,20,0,0,28
shiftr_DW512,3587,3075,4.5,610.0,16807,26952,12,322,0,0,1033
dotprod_DW64_N32,14335,19930,2.7,576.0,74137,398969,116,1185,160,0,4165
muxpri_DW64_N4,454,389,2.2,129.0,1226,1609,6,14,0,0,325
proxy.s0p15.81,88986,99048,3.1,30256.0,436368,964214,34,7128,64,1064,4903
muxhot_DW512_N8,6310,5798,1.7,512.0,15684,19260,6,181,0,0,4616
fixed__mini__floyd_warshall,1071,1009,3.1,323.0,4122,6164,32,71,0,0,129
rambyte_AW12_DW16,165063,165047,4.3,65552.0,872295,1414480,18,10225,0,0,48
proxy.s0p1.13,54228,58963,2.8,23562.0,228761,534073,40,3947,96,41,211
sine_DW8,41,33,3.5,11.0,149,224,10,4,0,0,18
ramsdp_AW8_DW256,154829,154573,3.0,65792.0,618773,928144,14,9063,0,0,532
fixed__small__fdtd_2d,2215,2069,2.9,665.0,8139,13686,32,162,1,0,420
ramdp_AW12_DW32,405939,405875,4.2,131136.0,2093930,3376046,18,29845,0,0,157
dotprod_DW64_N8,3619,4888,2.7,144.0,18106,95249,70,304,40,0,1091
fpga_bridge_rcv_32_fpga_bridge_rcv_32,125613,125415,3.0,49372.0,505967,760906,18,7592,0,0,239
cmp_DW64,223,220,2.0,4.0,663,883,10,12,0,0,131
ramsdp_AW12_DW16,157973,157957,3.0,65552.0,628566,941202,18,9422,0,0,60
rambyte_AW4_DW128,5278,5150,4.1,2176.0,26158,41888,10,309,0,0,278
my_adder,80,63,2.2,3.0,199,255,16,4,0,0,50
ramsp_AW10_DW8,31,30,1.0,2.0,91,267,4,1,0,1,28
proxy.s0p1.32,169420,180982,3.1,62386.0,739725,1632216,40,13174,283,58,1192
ramspnc_AW8_DW32,19631,19599,3.0,8224.0,78866,118502,14,1158,0,0,75
lfsr_DW8_LFSRW15,54,31,1.3,2.0,70,55,4,8,0,0,46
bxnor_DW8,11,10,1.0,1.0,20,19,6,1,0,0,9
muxhot_DW16_N64,1718,1702,1.6,16.0,4364,5308,10,73,0,0,1104
abs_DW16,51,35,3.0,15.0,139,192,8,3,0,0,32
firfix_ACCW16_DW16_N8,495,599,3.3,152.0,2565,8356,30,45,4,0,35
term1,73,63,2.2,7.0,199,262,8,3,0,0,44
s1494,206,187,4.9,87.0,1099,1805,38,20,0,0,27
ramsdp_AW10_DW32,78013,77981,3.0,32800.0,315210,474426,16,4621,0,0,88
c880_RN320,203,177,2.3,9.0,587,794,16,13,0,0,118
proxy.s0p15.60,56762,63128,2.9,20547.0,260422,656818,36,4213,119,492,4460
next186,2719,2680,4.1,326.0,13646,23009,44,277,1,0,139
proxy.s0p1.78,196457,206878,3.1,71568.0,862169,1763689,40,15077,302,171,1733
rom_AW8_DW128,394,266,2.4,128.0,914,1168,6,22,0,0,138
mac_DW64_OW136,1616,1882,3.1,136.0,7673,29924,98,155,8,0,267
shiftreg_DW32,99,67,2.9,32.0,259,352,6,6,0,0,35
csa42_DW32,290,225,2.1,4.0,706,897,6,12,0,0,194
serv_default,688,562,3.1,181.0,2328,3406,16,45,0,0,195
mulc_DW16,248,308,2.2,8.0,990,5888,30,17,2,0,128
proxy.s0p15.29,107899,115056,3.0,42459.0,464693,992379,36,8154,173,78,931
rom_AW6_DW256,776,520,2.5,256.0,1806,2316,6,43,0,0,264
crossbar_DW32_N32,27884,26860,3.9,64.0,130992,207240,24,2947,0,0,3072
spicxif,143,130,3.0,45.0,526,779,12,9,0,0,32
bbuf_DW64,128,64,1.0,1.0,128,64,2,0,0,0,128
dffsync_DW32,130,98,1.6,32.0,258,288,4,6,0,0,66
mem_ctrl,11625,10394,4.2,721.0,53588,85157,42,1107,0,0,2435
bnor_DW64,79,78,1.0,1.0,156,155,8,3,0,0,65
muxpri_DW128_N2,516,387,1.7,129.0,1030,1157,4,22,0,0,387
firprog_ACCW16_DW16_N8,622,726,2.7,144.0,2692,8356,30,44,4,0,163
dotprod_DW64_N64,28745,40323,2.7,1152.0,149342,814320,160,2377,320,0,8262
bnor_DW512,633,632,1.0,1.0,1264,1263,10,25,0,0,513
ramspnc_AW10_DW8,20580,20572,3.1,8200.0,84512,127872,16,1297,0,0,29
fixed__mini__bicg,19324,19381,3.3,6601.0,82426,135828,62,1404,9,0,395
dotprod_DW16_N8,491,616,2.1,40.0,1910,7897,30,25,4,0,275
bin2prio_DW128,411,282,2.8,7.0,1067,1441,54,29,0,0,257
fixed__mini__syr2k,3807,4320,2.7,1616.0,16047,51462,42,285,18,0,361
lfsr_DW16_LFSRW23,94,55,1.3,2.0,126,103,4,16,0,0,78
des,1375,1130,4.0,270.0,5702,8899,10,103,0,0,501
ramdp_AW6_DW256,51205,50693,4.1,16896.0,258657,415416,12,3677,0,0,1041
firfix_ACCW8_DW8_N8,246,294,3.7,216.0,1384,4244,22,22,4,0,19
c432_NC1720,345,338,1.8,10.0,963,1243,20,16,0,0,215
ramsp_AW4_DW64,138,136,1.2,16.0,466,3694,4,2,0,2,134
proxy.s0p15.39,169343,181539,3.0,67751.0,729701,1651576,40,12439,318,118,493
simple_spi,363,351,3.4,132.0,1555,2396,12,25,0,0,28
shiftl_DW512,3599,3087,4.4,605.0,16820,26954,12,314,0,0,1033
dla_like.small,153387,158490,2.9,75626.0,615889,1093901,30,11387,112,96,219
proxy.s0p1.1,98372,102947,3.3,30382.0,440858,884531,40,8634,111,27,168
proxy.s0p1.71,108921,117569,3.0,42497.0,471469,1054620,40,8178,178,136,807
c499_RN320,188,156,2.5,16.0,551,758,12,10,0,0,105
bcdToseg_1,18,11,3.2,7.0,46,63,4,2,0,0,11
fixed__mini__correlation,55846,56005,3.2,26334.0,234924,374760,64,5405,14,0,387
axiram_AW12_DW32_STRB_WIDTH4,77043,77002,3.9,32804.0,373856,593667,16,4491,0,0,104
shiftar_DW128,776,648,4.1,149.0,3316,5208,10,65,0,0,263
mux_DW32_N128,5522,5490,1.5,1029.0,13748,16484,10,179,0,0,4135
rambit_AW10_DW256,624979,624723,3.4,262400.0,2769406,4289110,16,37131,0,0,780
firfix_ACCW32_DW32_N64,8575,10591,3.4,2432.0,46980,148522,118,859,64,0,67
rambyte_AW6_DW64,10492,10428,4.2,4190.0,54732,88544,12,657,0,0,144
c432_NR1720,350,343,1.9,14.0,1005,1317,20,16,0,0,215
pipeline_DW16_N32,1126,1109,3.4,544.0,4888,7541,6,55,0,0,37
muxcase_DW256,3601,3345,2.1,512.0,10292,13638,8,131,0,0,2312
ramasync_AW14_DW8,328056,328048,4.3,131072.0,1733811,2811518,20,20179,0,0,32
proxy.s0p1.93,72275,76958,3.2,25408.0,325781,695135,40,5800,125,83,651
csa42_DW16,146,113,2.1,4.0,354,449,6,7,0,0,98
fixed__mini__durbin,6702,6963,3.1,2669.0,28359,56983,40,487,11,0,156
fifoasync_AW8_DW256,158824,158566,3.1,65572.0,644578,971766,14,11368,0,0,520
proxy.s0p1.40,73132,80058,2.8,31644.0,313767,723536,40,4849,119,288,1900
fht,94,86,2.5,34.0,303,426,8,6,0,0,18
rom_AW10_DW32,108,76,2.2,32.0,246,308,6,6,0,0,44
diffeq1,17,15,4.1,20.0,122,210,4,3,0,2,9
proxy.s0p1.87,23140,25168,2.7,9856.0,93871,215390,30,1585,32,16,286
ramsdp_AW6_DW1024,156860,155836,3.0,66560.0,621055,929414,12,9255,0,0,2064
cache_AW128_DW128_INDEXW12,875,1183,2.3,184.0,5455,18000,14,58,0,50,389
c499_CY270,194,162,2.5,13.0,564,772,53,14,0,0,100
gray2bin_DW128,383,255,1.9,4.0,743,848,54,23,0,0,256
C17,9,7,1.4,2.0,17,18,4,1,0,0,7
proxy.s0p1.42,132296,141639,3.0,52818.0,569161,1218793,40,9559,213,59,519
bin2gray_DW512,1535,1023,1.5,2.0,2557,2556,4,86,0,0,1024
firprog_ACCW8_DW8_N128,4608,5496,3.1,2688.0,22732,67616,120,327,64,0,1043
muxhot_DW16_N4,116,100,1.6,16.0,260,304,6,4,0,0,84
voter_default,2640,2639,3.1,7.0,10705,16131,28,211,0,0,1002
axiram_AW14_DW128_STRB_WIDTH16,325383,325246,3.0,131204.0,1285047,1919465,16,19637,0,0,308
firfix_ACCW64_DW64_N64,20045,24205,3.4,4864.0,106302,320418,158,2067,128,0,131
muladdc_DW32_OW72,1660,2028,3.0,70.0,8157,34662,60,160,12,0,416
mux_DW256_N16,5636,5380,1.5,1024.0,13316,15616,6,171,0,0,4356
rambit_AW4_DW256,10778,10522,3.6,4352.0,48466,75632,10,601,0,0,774
ramsp_AW6_DW256,529,522,1.2,24.0,1741,14625,4,2,0,7,520
rambit_AW8_DW32,19676,19644,3.4,8224.0,86605,133890,14,1160,0,0,106
crossbar_DW32_N64,94692,92644,4.2,125.0,483328,779320,50,10098,0,0,8192
proxy.s0p15.59,90538,97324,3.0,36421.0,388240,884878,40,6809,165,74,484
wb_conbus,2305,1449,2.6,199.0,5224,6694,14,65,0,0,1714
ramsdp_AW6_DW128,19675,19547,3.0,8320.0,77915,116608,12,1165,0,0,272
regfile_AW7_DW64_RP8_WP1,54141,53629,4.2,8192.0,280251,452732,16,4964,0,0,649
crossbar_DW1024_N4,16400,12304,3.3,1025.0,53265,77826,6,821,0,0,8208
firfix_ACCW16_DW16_N128,7283,9187,3.4,2432.0,40396,133442,136,679,64,0,35
absdiff_DW256,1925,1669,3.0,274.0,6700,9806,22,138,0,0,768
pipeline_DW256_N8,4630,4373,3.3,2056.0,18760,28517,6,208,0,0,517
rambyte_AW8_DW512,310794,310282,4.3,131584.0,1635310,2649544,14,18117,0,0,1098
bxnor_DW256,342,341,1.0,1.0,682,681,10,14,0,0,257
muladd_DW8_OW16,78,77,2.2,21.0,244,873,16,5,1,0,48
arbiter_N128,409,281,2.8,7.0,1062,1434,54,29,0,0,256
onehot_DW256,536,280,5.7,256.0,1880,2944,6,46,0,0,264
apbregs_AW5_DW32,3579,2522,3.4,1056.0,11099,16097,10,215,0,0,1098
cm152a,15,14,1.1,2.0,30,31,6,1,0,0,12
watchdog,264,230,2.5,83.0,814,1134,18,16,0,0,71
proxy.s0p15.67,65700,71636,2.9,26652.0,284152,682992,40,4950,125,82,532
bor_DW64,79,78,1.0,1.0,156,155,8,3,0,0,65
c880_CS1280,345,319,1.9,8.0,915,1166,22,18,0,0,214
sum_DW64_N32,6066,5997,3.0,8.0,24053,36043,112,462,0,0,2117
firfix_ACCW16_DW16_N32,1837,2301,3.4,608.0,10064,33270,60,171,16,0,35
regfile_AW8_DW128_RP8_WP2,211496,210472,4.5,32768.0,1166363,1910758,16,19401,0,0,1371
mux_DW256_N8,3075,2819,1.5,512.0,6915,7936,6,80,0,0,2307
proxy.s0p1.23,289,245,2.0,61.0,929,3600,4,12,0,4,223
proxy.s0p1.77,212289,225870,3.2,66907.0,960443,2054827,40,18512,318,58,557
rambyte_AW6_DW1024,168618,167594,4.2,66574.0,878136,1420060,12,10449,0,0,2184
regfile_AW10_DW32_RP2_WP1,107094,107030,3.4,32768.0,472199,730274,18,8197,0,0,130
pipeline_DW8_N32,598,589,3.4,288.0,2576,3965,6,30,0,0,21
c499_NS1550,360,328,2.0,18.0,991,1294,12,17,0,0,228
ramspnc_AW8_DW16,9963,9947,3.0,4112.0,40256,60602,14,594,0,0,43
bnand_DW64,84,83,1.0,1.0,166,165,8,3,0,0,65
muxhot_DW256_N4,1796,1540,1.7,256.0,4100,4864,6,52,0,0,1284
c432_SL320,150,143,2.4,12.0,487,681,22,8,0,0,75
mulreg_DW32_OW64,429,493,2.5,128.0,1710,8007,36,39,3,0,129
muxpri_DW512_N8,6587,6074,1.7,584.0,16460,20259,8,203,0,0,4617
inc_DW128,431,303,2.5,7.0,1063,1392,50,33,0,0,256
shiftl_DW16,68,52,3.4,16.0,230,340,6,4,0,0,36
ramsdp_AW4_DW512,21020,20508,2.9,8704.0,79996,118464,10,1192,0,0,1036
rom_AW16_DW8,34,26,1.8,8.0,74,88,6,2,0,0,18
pipeline_DW512_N8,9238,8725,3.3,4104.0,37448,56933,6,428,0,0,1029
cc,57,37,2.4,11.0,124,154,6,4,0,0,41
log2_DW128,272,264,2.3,5.0,870,1204,54,17,0,0,136
present_encryptor,582,518,3.0,191.0,2082,3064,10,31,0,0,147
fixed__mini__trisolv,2150,2179,2.9,799.0,8498,16742,34,156,3,0,161
c880_SL320,212,186,2.5,14.0,644,890,18,14,0,0,118
firprog_ACCW64_DW64_N4,2076,2620,2.9,320.0,10214,46732,62,178,20,0,387
rambit_AW4_DW1024,43038,42014,3.6,17408.0,194118,303184,10,2394,0,0,3078
regfile_AW6_DW128_RP8_WP2,54480,53456,4.4,8192.0,289850,471764,14,4879,0,0,1351
pipeline_DW16_N8,310,293,3.2,136.0,1240,1877,6,14,0,0,37
proxy.s0p1.63,36916,38628,3.1,13845.0,160094,348004,36,2775,76,32,924
firprog_ACCW64_DW64_N64,29507,39171,3.0,4161.0,158097,743516,156,2641,320,0,4227
regfile_AW6_DW128_RP8_WP1,54240,53216,4.1,8192.0,273014,438572,14,4808,0,0,1216
regfile_AW7_DW64_RP2_WP1,25798,25670,3.4,8192.0,113179,174890,14,1912,0,0,217
firprog_ACCW8_DW8_N16,586,690,3.1,336.0,2823,8402,32,41,8,0,147
addsub_DW256,1994,1738,3.0,269.0,7018,10304,66,146,0,0,769
ramasync_AW10_DW16,40001,39985,3.0,16384.0,161515,243044,16,2426,0,0,44
9symml,48,47,4.2,21.0,245,395,10,4,0,0,10
band_DW64,84,83,1.0,1.0,166,165,8,3,0,0,65
ramsdp_AW14_DW8,307633,307625,3.4,131080.0,1363221,2111184,20,17858,0,0,48
proxy.s0p15.9,108499,112365,3.4,32376.0,497043,911618,34,9561,82,82,552
ramsdp_AW4_DW128,5276,5148,2.9,2176.0,20092,29760,10,302,0,0,268
dotprod_DW64_N4,1763,2345,2.6,72.0,8507,45754,60,143,20,0,578
firfix_ACCW128_DW128_N128,88215,105239,3.3,19456.0,451807,1327632,316,9086,512,0,259
ramsp_AW8_DW16,45,44,1.1,4.0,139,638,4,1,0,1,42
cache_AW128_DW128_INDEXW10,611,714,1.6,145.0,2536,10724,12,27,0,13,389
arbiter_N4,11,7,1.9,4.0,20,22,4,1,0,0,8
sum_DW16_N4,162,144,2.7,7.0,528,750,20,11,0,0,82
fifosync_AW6_DW1024,160078,159051,4.2,66580.0,820173,1321217,12,9530,0,0,2055
ramsp_AW8_DW512,1049,1036,1.1,13.0,3373,29099,4,2,0,13,1034
wb_to_amba,323,199,1.9,42.0,572,622,8,9,0,0,231
proxy.s0p15.22,82736,88234,3.2,30466.0,374971,788764,40,6484,152,110,857
log2_DW8,19,15,2.1,3.0,46,58,6,2,0,0,12
sum_DW16_N8,338,319,2.9,8.0,1235,1813,28,25,0,0,147
ramsp_AW8_DW128,272,268,1.2,32.0,928,7388,4,2,0,4,266
mode3_calc,14,12,1.8,2.0,34,42,6,1,0,0,10
dffasync_DW8,42,34,1.6,16.0,90,104,6,2,0,0,18
ramspnc_AW4_DW128,5278,5150,2.9,2176.0,20084,29740,10,303,0,0,263
firfix_ACCW8_DW8_N16,459,563,3.8,432.0,2696,8402,32,43,8,0,19
sum_DW16_N64,2876,2854,3.0,9.0,11389,17048,86,214,0,0,1046
pipeline_DW256_N64,33414,33157,3.5,16448.0,148232,229893,6,1651,0,0,517
fifoasync_AW6_DW1024,160770,159744,4.2,65564.0,834291,1348068,12,11645,0,0,2056
ramsdp_AW8_DW512,309290,308778,3.0,131584.0,1235538,1853008,14,18000,0,0,1044
regfile_AW7_DW32_RP8_WP1,27424,27168,4.2,4096.0,142338,230084,16,2540,0,0,361
c499_NR1870,403,371,1.9,15.0,1083,1392,12,19,0,0,260
dffasync_DW16,82,66,1.7,32.0,178,208,6,4,0,0,34
sum_DW128_N4,1723,1593,2.8,15.0,6036,8756,78,134,0,0,642
fifoasync_AW4_DW16,770,752,3.9,276.0,3670,5818,10,55,0,0,40
crossbar_DW8_N32,7710,7454,3.5,32.0,33400,51636,24,735,0,0,1536
c880_CY3880,884,858,2.1,13.0,2622,3502,405,51,0,0,473
regfile_AW8_DW64_RP2_WP1,51495,51367,3.4,16384.0,226138,349414,16,3828,0,0,220
fifoasync_AW12_DW16,162783,162765,3.0,65588.0,658139,990730,18,11506,0,0,40
bnor_DW128,158,157,1.0,1.0,314,313,10,6,0,0,129
shiftr_DW128,776,648,4.1,149.0,3316,5208,10,65,0,0,263
absdiff_DW512,3854,3342,3.1,619.0,13570,19944,26,282,0,0,1536
bin2gray_DW32,95,63,1.5,2.0,157,156,4,6,0,0,64
proxy.s0p15.57,153276,160556,3.2,54260.0,676844,1419136,40,11880,268,46,2532
mux_DW1024_N8,12291,11267,1.5,2048.0,27651,31744,6,315,0,0,9219
ramdp_AW8_DW128,90219,89963,4.1,33024.0,459613,739044,14,6296,0,0,533
bbuf_DW16,32,16,1.0,1.0,32,16,2,0,0,0,32
bar_default,775,647,4.4,128.0,3463,5504,10,65,0,0,263
c499_NS2510,504,472,1.8,16.0,1331,1686,14,24,0,0,324
cache_AW128_DW128_INDEXW4,607,721,1.6,140.0,2548,15716,12,26,0,8,389
proxy.s0p15.99,64876,67964,3.5,17332.0,309475,607814,34,6027,68,126,809
onehot_DW512,1064,552,4.1,512.0,2820,4024,6,92,0,0,521
muxhot_DW32_N4,228,196,1.6,32.0,516,608,6,7,0,0,164
aes-128_pipelined_encryption,37838,37709,4.0,13954.0,189890,304233,12,3020,0,0,389
muxpri_DW64_N8,845,780,1.7,79.0,2118,2611,8,27,0,0,585
ramasync_AW6_DW256,41139,40883,3.1,16384.0,166764,251506,12,2597,0,0,520
fifosync_AW4_DW16,720,701,3.0,286.0,2814,4207,10,45,0,0,39
counter_DW8,29,21,3.2,8.0,89,128,8,2,0,0,11
c880_NR4360,774,748,1.7,13.0,2021,2520,20,32,0,0,522
ifu_esl_stsm_ifu_esl_stsm,59,41,2.4,8.0,141,182,8,4,0,0,41
arbiter_N8,24,16,2.4,7.0,55,70,6,2,0,0,16
pipeline_DW32_N128,8518,8485,3.5,4224.0,37928,58853,6,433,0,0,69
pipeline_DW512_N128,132358,131845,3.5,65664.0,591368,918533,6,6578,0,0,1029
s420_1,57,56,2.6,7.0,202,291,60,4,0,0,19
ramasync_AW6_DW128,20596,20468,3.1,8192.0,83222,125380,12,1298,0,0,264
gemm_layer,431077,433168,3.4,133046.0,1906304,3063563,28,36567,200,0,1800
ramasync_AW8_DW128,77594,77466,3.0,32768.0,310313,465566,14,4607,0,0,266
ramsdp_AW12_DW32,311747,311715,3.0,131104.0,1244372,1865282,18,18452,0,0,92
ramsdp_AW8_DW32,19617,19585,3.0,8224.0,78847,118492,14,1162,0,0,84
PIC16F84,1007,938,3.6,272.0,4379,7169,16,77,0,1,134
decod,37,21,4.6,16.0,117,176,4,3,0,0,21
csa42_DW256,2306,1793,2.1,4.0,5634,7169,6,87,0,0,1538
c499_CS320,174,142,2.6,16.0,513,710,10,10,0,0,105
ialu_DW1024,6600,5572,3.1,2523.0,23053,33934,282,425,0,0,3087
firfix_ACCW8_DW8_N4,134,154,3.5,108.0,695,2110,16,12,2,0,19
cache_AW64_DW64_INDEXW12,456,596,2.3,96.0,2781,8810,12,31,0,26,197
ramsdp_AW4_DW16,684,668,2.9,272.0,2630,3908,10,42,0,0,44
fifosync_AW8_DW1024,633227,632200,4.0,263194.0,3177574,5089721,14,37794,0,0,2055
dotprod_DW16_N128,8678,11471,2.2,640.0,37230,155687,148,488,64,0,4119
muxpri_DW512_N2,2052,1539,1.7,513.0,4102,4613,4,86,0,0,1539
aes_1cycle_1stage,15933,15804,5.0,389.0,94352,156967,92,1735,0,0,388
proxy.s0p15.40,98145,106903,2.9,39321.0,431151,974430,40,6945,142,470,3021
example2,238,172,2.2,21.0,552,694,8,14,0,0,151
muladd_DW128_OW256,4550,5549,3.1,70.0,22658,101732,186,468,25,0,768
wb_conmax,12710,11294,4.3,995.0,60308,96612,16,1077,0,0,2546
ramdp_AW4_DW128,6457,6201,3.8,2304.0,29921,47184,10,392,0,0,525
tcon,41,25,1.6,8.0,65,64,4,2,0,0,33
cache_AW256_DW256_INDEXW6,1191,1425,1.6,274.0,4842,31162,14,50,0,14,773
rom_AW8_DW8,34,26,1.8,8.0,74,88,6,2,0,0,18
ramasync_AW4_DW128,5014,4886,2.9,2048.0,19174,28448,8,280,0,0,262
cache_AW256_DW256_INDEXW4,1191,1427,1.5,274.0,4844,31262,14,48,0,14,773
pipeline_DW128_N128,33286,33157,3.5,16512.0,148616,230789,6,1661,0,0,261
relu_DW1024,3412,2388,3.6,1024.0,10906,16012,12,193,0,0,2048
i2c,475,461,3.7,179.0,2171,3406,12,39,0,0,33
stereovision2,42451,50165,3.0,16274.0,202174,595988,36,3767,234,0,331
aes_5cycle_2stage,3723,3594,4.3,554.0,18971,30625,26,358,0,0,388
mux_DW64_N16,1412,1348,1.5,256.0,3332,3904,6,43,0,0,1092
dffasync_DW1024,5122,4098,1.7,2048.0,11266,13312,6,205,0,0,2050
proxy.s0p1.3,126331,131532,3.2,45213.0,549994,1035011,40,9950,121,81,597
log2_DW16,35,30,2.3,4.0,100,135,8,3,0,0,21
proxy.s0p1.8,69483,73339,2.9,28651.0,290705,587650,34,5023,89,49,680
proxy.s0p15.84,61,1,60.0,60.0,61,60,2,1,0,0,60
sct,51,36,2.3,9.0,118,149,6,4,0,0,34
mulc_DW8,124,152,2.7,24.0,560,3004,16,9,2,0,64
rambyte_AW4_DW1024,42126,41102,4.1,17408.0,209540,335852,10,2437,0,0,2182
dec,551,295,3.2,31.0,1235,1624,6,50,0,0,264
round_DW256_FW128,706,450,2.4,127.0,1526,1896,54,36,0,0,512
fifosync_AW4_DW32,1396,1361,3.0,558.0,5453,8149,10,85,0,0,71
crossbar_DW64_N8,3136,2624,4.3,128.0,13888,22016,8,205,0,0,1088
mux_DW256_N4,1538,1282,1.4,256.0,3074,3328,4,43,0,0,1282
mulreg_DW128_OW256,4000,4999,3.0,512.0,20048,97612,176,633,25,0,513
regfile_AW5_DW16_RP2_WP1,1635,1603,3.4,512.0,7002,10766,12,120,0,0,67
regfile_AW6_DW128_RP2_WP1,26198,25942,3.3,8192.0,112199,172258,14,2002,0,0,406
dec_default,551,295,3.2,31.0,1235,1624,6,50,0,0,264
encoder8to3_3,14,11,1.9,3.0,32,39,6,1,0,0,10
proxy.s0p1.89,48195,51858,2.9,20233.0,207293,446719,36,3369,69,216,1985
crossbar_DW16_N16,3946,3690,3.8,32.0,17589,27542,12,364,0,0,768
encoder8to3_6,5,2,1.5,2.0,5,3,2,1,0,0,4
dotprod_DW128_N4,7144,9474,3.0,56.0,38014,189790,102,720,60,0,1154
rom_AW6_DW64,200,136,2.4,64.0,462,588,6,11,0,0,72
apbregs_AW7_DW32,14585,10456,3.5,4128.0,47162,69283,12,869,0,0,4172
regfile_AW6_DW64_RP2_WP1,13170,13042,3.3,4096.0,56637,87062,14,1026,0,0,214
fixed__medium__durbin,37055,37307,3.0,14222.0,151003,241574,42,2436,11,0,165
regfile_AW7_DW256_RP2_WP1,102818,102306,3.4,32768.0,447659,690194,16,7592,0,0,793
ramdp_AW4_DW256,12861,12349,3.8,4608.0,59613,94016,10,776,0,0,1037
c880_CY590,288,262,2.6,11.0,936,1322,100,17,0,0,145
abs_DW32,107,75,3.0,31.0,301,420,16,6,0,0,64
S382,60,54,3.3,21.0,234,354,10,4,0,0,10
axiram_AW8_DW64_STRB_WIDTH8,5300,5227,3.1,2116.0,21442,32357,10,326,0,0,162
axiram_AW12_DW64_STRB_WIDTH8,81280,81207,3.2,32836.0,337285,512083,16,4997,0,0,170
regfile_AW6_DW128_RP4_WP1,35552,35040,3.7,8192.0,165996,261400,14,2967,0,0,676
ramspnc_AW6_DW256,41950,41694,3.1,16640.0,170229,256814,12,2625,0,0,521
regfile_AW8_DW64_RP4_WP2,70107,69851,4.3,16384.0,369965,599972,16,5968,0,0,439
sha,17,15,4.1,20.0,122,210,4,3,0,2,9
firprog_ACCW32_DW32_N16,2631,3223,3.0,546.0,13027,51096,56,196,32,0,579
absdiffs_DW512,2958,2446,2.6,6.0,8827,12250,84,188,0,0,1536
dotprod_DW32_N64,9993,13603,2.6,1792.0,48522,245032,126,647,128,0,4134
tiny_aes_128,21841,21713,4.2,6000.0,113312,183070,10,2108,0,0,385
sqdiff_DW16,94,93,2.0,5.0,279,1487,18,4,1,0,64
fixed__small__cholesky,6094,6210,3.2,2322.0,26169,48184,36,526,6,0,133
ramsp_AW6_DW16,43,42,1.1,4.0,137,638,4,2,0,1,40
proxy.s0p15.85,111195,120911,2.9,40569.0,494984,1136590,40,8529,158,594,5292
log2,8276,8244,4.5,302.0,45548,74576,134,957,0,0,64
fixed__small__gesummv,2250,2472,2.6,1242.0,8854,27986,38,237,13,0,284
mkDelayWorker32B,8553,9286,3.2,2526.0,42468,120827,22,566,0,50,1064
ramsp_AW12_DW64,225,275,2.1,64.0,1296,4472,6,13,0,14,142
min_DW32,167,135,2.5,31.0,469,636,10,10,0,0,96
conv_layer_hls,23679,21654,3.2,7359.0,91311,145212,38,1557,2,15,3299
round_DW512_FW256,1413,901,2.4,255.0,3042,3770,110,70,0,0,1024
apex6,384,285,2.8,79.0,1096,1523,10,20,0,0,234
rom_AW4_DW32,102,70,2.3,32.0,234,296,6,6,0,0,38
rambit_AW8_DW128,78130,78002,3.4,32896.0,344478,532824,14,4761,0,0,394
firfix_ACCW32_DW32_N16,2257,2737,3.4,608.0,12011,37460,56,222,16,0,67
apbregs_AW4_DW256,14354,10001,3.7,4352.0,47150,69945,8,729,0,0,4617
fifosync_AW12_DW16,161917,161898,3.1,65590.0,666351,1008887,20,9935,0,0,39
alu4,197,189,4.3,52.0,995,1604,16,20,0,0,22
firfix_ACCW128_DW128_N16,11566,13582,3.5,2432.0,60918,173872,140,1207,64,0,259
cm163a,28,23,1.7,4.0,62,73,6,1,0,0,21
mux_DW32_N4,194,162,1.4,32.0,386,416,4,6,0,0,162
i7,333,266,1.6,67.0,700,801,4,12,0,0,266
test,1017,1077,2.1,445.0,3342,8190,28,57,3,0,170
bbuf_DW1024,2048,1024,1.0,1.0,2048,1024,2,0,0,0,2048
dotprod_DW8_N4,120,146,2.4,84.0,497,2024,16,6,2,0,74
warp,6320,6280,3.7,1680.0,29487,48642,34,523,3,0,172
pipeline_DW16_N4,174,157,3.0,68.0,632,933,6,7,0,0,37
ramasync_AW8_DW32,19567,19535,3.0,8192.0,78377,117652,14,1155,0,0,74
rambyte_AW12_DW64,659780,659716,4.3,262208.0,3486638,5653780,18,40952,0,0,150
firfix_ACCW64_DW64_N128,40006,48390,3.4,9728.0,210628,636988,236,4101,256,0,131
c880_NS4360,777,751,1.7,11.0,1995,2462,20,31,0,0,522
pipeline_DW1024_N128,264454,263429,3.5,131200.0,1181704,1835525,6,13130,0,0,2053
gost28147-89__ecb,1785,1720,2.3,167.0,5641,7777,36,85,0,0,901
regfile_AW5_DW64_RP4_WP1,8594,8338,3.8,2048.0,40074,63216,12,713,0,0,351
ramdp_AW4_DW8,448,432,3.8,144.0,2090,3300,10,28,0,0,45
des-area__des,771,707,4.0,221.0,3563,5648,12,67,0,0,190
proxy.s0p15.70,61,1,60.0,60.0,61,60,2,1,0,0,60
c499_NC2510,497,465,1.8,16.0,1302,1642,12,20,0,0,324
apbregs_AW5_DW64,7110,4997,3.4,2112.0,21909,31711,10,401,0,0,2186
addsub_DW512,4050,3538,3.1,512.0,14589,21590,80,295,0,0,1537
rambyte_AW8_DW256,155243,154987,4.3,65792.0,816931,1323632,14,9041,0,0,554
proxy.s0p1.10,101972,108685,3.1,38395.0,444457,947479,40,8105,145,115,251
pipeline_DW128_N16,4390,4261,3.4,2064.0,18696,28741,6,210,0,0,261
ramsdp_AW6_DW64,9883,9819,3.0,4160.0,39159,58616,12,581,0,0,144
cache_AW64_DW64_INDEXW6,311,363,1.6,72.0,1282,7668,12,15,0,4,197
muxhot_DW64_N128,12193,12129,1.7,64.0,32322,40322,10,573,0,0,8384
b9,94,73,2.2,13.0,232,297,6,6,0,0,62
c499_NC1870,409,377,1.9,16.0,1112,1438,12,20,0,0,260
ramdp_AW4_DW32,1649,1585,3.8,576.0,7657,12080,10,97,0,0,141
mul_DW128_OW256,3493,4492,3.1,70.0,18593,95716,170,369,25,0,512
C499,169,137,3.2,16.0,577,848,10,11,0,0,73
proxy.s0p1.52,54435,56952,3.3,17355.0,245955,473461,34,4694,57,81,647
sub_DW32,154,122,2.2,4.0,389,502,28,9,0,0,96
fixed__small__trisolv,2200,2224,2.9,811.0,8710,17071,36,159,3,0,166
log2_DW512,1066,1056,2.3,6.0,3515,4908,208,63,0,0,522
mm4a,52,48,3.4,10.0,209,318,28,6,0,0,11
pipeline_DW64_N128,16774,16709,3.5,8320.0,74824,116165,6,842,0,0,133
regfile_AW10_DW128_RP2_WP1,419415,419159,3.4,131072.0,1849483,2860392,18,31518,0,0,418
shiftl_DW1024,8138,7114,4.3,1191.0,37670,60088,14,795,0,0,2058
dotprod_DW64_N16,7259,9943,2.7,288.0,36979,195540,90,609,80,0,2116
proxy.s0p1.88,56981,61088,3.2,18426.0,265957,548061,40,4801,64,276,1607
addsub_DW1024,8139,7115,3.1,1025.0,28863,42472,186,608,0,0,3073
csa32_DW16,112,80,1.6,2.0,208,224,4,16,0,0,80
firfix_ACCW128_DW128_N32,22430,26590,3.5,4864.0,118372,342092,178,2348,128,0,259
PIC16F84_T200,1056,987,3.6,285.0,4614,7541,16,85,0,1,134
proxy.s0p15.37,41,1,40.0,40.0,41,40,2,1,0,0,40
counter_DW256,966,710,3.7,256.0,3330,4984,18,62,0,0,259
ramspnc_AW8_DW1024,621988,620964,3.0,263168.0,2487393,3731834,14,36272,0,0,2059
firfix_ACCW128_DW128_N64,44268,52716,3.4,9728.0,229567,670886,226,4591,256,0,259
ifu_esl_fsm_ifu_esl_fsm,314,302,3.0,55.0,1210,1804,20,25,0,0,79
proxy.s0p15.90,237405,252239,3.3,74461.0,1097550,2382572,40,20555,424,86,1725
shiftr_DW64,330,266,4.2,68.0,1376,2156,8,24,0,0,134
proxy.s0p1.36,166171,174822,3.2,58192.0,729699,1500847,40,13298,227,63,1562
sum_DW64_N128,23475,23404,3.0,10.0,93835,140791,238,1752,0,0,8263
sum_DW32_N32,2881,2844,3.0,8.0,11325,16925,78,215,0,0,1061
bxor_DW512,681,680,1.0,1.0,1360,1359,12,23,0,0,513
regfile_AW7_DW16_RP2_WP1,6663,6631,3.4,2048.0,29334,45374,14,505,0,0,73
fifoasync_AW10_DW128,317298,317168,3.1,131116.0,1288852,1943238,16,23455,0,0,264
firfix_ACCW32_DW32_N4,629,725,3.2,160.0,3041,9336,38,59,4,0,67
rambit_AW12_DW64,663885,663821,3.5,262208.0,2982477,4637248,18,44112,0,0,206
onehot_DW128,271,143,5.5,128.0,935,1456,6,23,0,0,135
ramspnc_AW8_DW512,310778,310266,3.0,131584.0,1242791,1864538,14,18102,0,0,1035
aes_core__aes_cipher,2557,2428,3.7,562.0,11502,18019,16,235,0,0,388
fixed__medium__covariance,12232,12145,3.0,6675.0,48804,76458,40,1142,3,0,293
ramsp_AW6_DW128,270,266,1.2,32.0,926,7388,4,2,0,4,264
fixed__mini__gesummv,11436,11690,3.3,3603.0,50264,94385,56,879,15,0,396
diffeq2,17,15,4.1,20.0,122,210,4,3,0,2,9
lfsr_DW64_LFSRW7,150,79,2.5,17.0,273,317,6,7,0,0,111
muxhot_DW256_N16,6179,5923,1.7,256.0,15926,19750,8,256,0,0,4368
fifoasync_AW4_DW256,10855,10597,3.9,4116.0,51928,82404,10,685,0,0,520
proxy.s0p15.24,886,858,2.3,120.0,3801,12646,6,49,0,28,582
ramasync_AW6_DW64,10374,10310,3.1,4096.0,41867,63050,12,662,0,0,136
and_latch,19,17,1.9,4.0,49,62,8,1,0,0,9
regfile_AW6_DW64_RP8_WP2,27531,27019,4.4,4096.0,146634,238718,14,2513,0,0,711
absdiff_DW16,105,89,2.8,15.0,342,490,12,7,0,0,48
reed_solomon_decoder,25714,25704,3.4,9368.0,112056,172694,18,1965,0,0,21
proxy.s0p1.55,89498,96629,2.8,39748.0,367734,835939,36,5845,148,73,929
muxpri_DW64_N16,1630,1565,1.8,129.0,4435,5675,12,68,0,0,1105
rom_AW12_DW32,110,78,2.2,32.0,250,312,6,6,0,0,46
muxhot_DW128_N4,900,772,1.7,128.0,2052,2432,6,26,0,0,644
ramspnc_AW8_DW8,5135,5127,3.1,2056.0,21248,32234,14,317,0,0,27
pipeline_DW32_N64,4294,4261,3.5,2112.0,18984,29413,6,218,0,0,69
mux_DW128_N16,2820,2692,1.5,512.0,6660,7808,6,86,0,0,2180
ramdp_AW10_DW32,92457,92393,4.1,32832.0,474166,763482,16,6546,0,0,153
s838_1,122,121,2.8,11.0,462,681,116,12,0,0,35
crossbar_DW32_N16,7702,7190,3.9,64.0,34955,55018,12,731,0,0,1280
mac_DW128_OW264,4788,5779,3.2,264.0,24212,104372,180,491,25,0,523
S9234,424,385,3.2,135.0,1618,2427,14,39,0,0,68
muxcase_DW8,128,120,2.1,12.0,370,492,8,5,0,0,80
firfix_ACCW32_DW32_N32,4344,5336,3.4,1216.0,23681,74546,78,436,32,0,67
sum_DW512_N16,32438,31922,3.0,21.0,127946,191532,314,2872,0,0,8708
adder128,771,642,2.4,6.0,2166,2919,62,56,0,0,385
axiram_AW12_DW128_STRB_WIDTH16,81709,81572,2.9,32900.0,322074,480867,14,4950,0,0,304
muxhot_DW32_N64,3334,3302,1.6,32.0,8588,10540,10,141,0,0,2144
muxcase_DW32,464,432,2.0,64.0,1317,1738,8,18,0,0,296
firprog_ACCW128_DW128_N8,14691,19339,3.2,1153.0,80528,380154,120,1518,120,0,1283
bin2gray_DW64,191,127,1.5,2.0,317,316,4,11,0,0,128
mux_DW64_N64,5544,5480,1.5,1024.0,13712,16400,10,175,0,0,4166
muxpri_DW8_N8,119,110,1.9,20.0,320,411,8,4,0,0,81
regfile_AW7_DW64_RP4_WP1,35581,35325,3.8,8192.0,170417,269928,16,3003,0,0,361
rambyte_AW8_DW32,20401,20369,3.0,8224.0,82452,124134,14,1262,0,0,78
s344,51,40,2.8,8.0,153,215,37,4,0,0,20
fifoasync_AW12_DW8,79597,79587,3.5,32820.0,356110,553036,18,5610,0,0,24
regfile_AW5_DW128_RP2_WP1,12656,12400,3.4,4096.0,54211,83366,12,900,0,0,403
counter_DW1024,3856,2832,3.7,1024.0,13435,20182,22,257,0,0,1027
apbregs_AW8_DW32,27779,19554,3.5,8224.0,87084,126835,14,1580,0,0,8269
ramsp_AW10_DW512,1063,1037,1.3,26.0,3699,19852,4,1,0,26,1036
fixed__mini__2mm,10201,10760,3.3,3056.0,46774,103926,50,817,24,0,514
mux_DW8_N16,180,172,1.4,32.0,420,488,6,5,0,0,140
c432_CY290,149,142,2.4,26.0,484,677,48,9,0,0,72
muxpri_DW1024_N2,4100,3075,1.7,1025.0,8198,9221,4,171,0,0,3075
proxy.s0p15.61,114677,119640,3.2,39032.0,508950,1007341,38,9609,130,59,362
proxy.s0p15.74,267663,283987,3.2,89990.0,1218711,2550232,40,22232,377,446,2175
xtea,2458,2393,3.8,451.0,11492,18133,38,254,0,0,260
sin,1532,1507,4.5,177.0,8229,13419,72,181,0,0,49
c880_NC2440,511,485,1.8,11.0,1378,1760,20,23,0,0,330
bin2prio_DW1024,3278,2253,2.8,7.0,8593,11655,412,238,0,0,2049
round_DW16_FW8,44,28,2.2,7.0,91,110,6,3,0,0,32
firprog_ACCW64_DW64_N32,15007,19807,3.0,2113.0,79974,373134,114,1341,160,0,2179
proxy.s0p1.31,57912,60057,3.1,21615.0,251606,470455,40,4427,49,112,801
inc_DW32,103,71,2.7,7.0,260,346,16,7,0,0,64
usb_phy,237,219,3.0,96.0,866,1276,10,16,0,0,34
axiram_AW14_DW32_STRB_WIDTH4,307643,307602,3.9,131108.0,1494151,2373057,18,17878,0,0,108
fifoasync_AW4_DW64,2819,2753,3.2,1044.0,11620,17668,10,197,0,0,136
regfile_AW7_DW32_RP4_WP1,17950,17822,3.8,4096.0,86359,136946,16,1550,0,0,201
fpu64_default,12847,12760,4.4,1602.0,68612,111617,62,1389,0,0,244
proxy.s0p15.48,62788,66825,3.1,24308.0,274279,604607,40,4789,124,101,685
mux_DW16_N4,98,82,1.4,16.0,194,208,4,3,0,0,82
shiftr_DW8,33,25,2.9,10.0,98,138,6,2,0,0,19
proxy.s0p15.100,105309,115450,3.0,40594.0,482120,1074797,40,7882,122,784,3827
binv_DW64,192,128,1.0,1.0,256,192,4,64,0,0,128
dsip,897,700,3.6,191.0,3212,4827,260,54,0,0,425
proxy.s0p1.53,65512,70445,3.1,22159.0,304950,638719,40,5324,71,482,3020
bcdToseg_7,18,11,3.2,7.0,46,63,4,2,0,0,11
muxpri_DW1024_N8,13116,12091,1.7,1194.0,32888,40569,8,399,0,0,9225
s820,120,101,4.3,47.0,532,843,32,9,0,0,37
cmp_DW16,59,56,1.9,3.0,165,215,8,3,0,0,35
rom_AW6_DW8,32,24,1.9,8.0,70,84,6,2,0,0,16
ramsdp_AW8_DW64,38907,38843,3.0,16448.0,155869,233988,14,2314,0,0,148
rom_AW4_DW1024,3078,2054,2.5,1024.0,7178,9224,6,171,0,0,1030
regfile_AW7_DW128_RP8_WP2,107926,106902,4.5,16384.0,590424,966020,16,9873,0,0,1361
ahb_arbiter,957,927,2.2,403.0,3000,4116,16,70,0,0,240
bin2prio_DW256,820,563,2.8,7.0,2144,2905,104,59,0,0,513
crossbar_DW16_N8,832,704,4.0,32.0,3520,5504,8,52,0,0,320
axiram_AW8_DW256_STRB_WIDTH32,5705,5440,3.6,2308.0,24960,38775,8,324,0,0,566
proxy.s0p15.62,271670,286101,3.3,82495.0,1236096,2515843,40,24126,329,31,530
ramspnc_AW8_DW64,39115,39051,3.0,16448.0,156826,235486,14,2370,0,0,139
ramspnc_AW14_DW8,328620,328612,3.5,131080.0,1473283,2289334,20,19986,0,0,33
regfile_AW6_DW32_RP4_WP2,9143,9015,4.2,2048.0,46792,75426,14,777,0,0,235
apbregs_AW4_DW64,3602,2513,3.7,1088.0,11822,17529,8,186,0,0,1161
axiram_AW12_DW256_STRB_WIDTH32,82049,81784,2.9,33028.0,322667,481501,14,4961,0,0,574
fifosync_AW8_DW32,19994,19959,3.1,8250.0,80893,121833,14,1218,0,0,71
ramsdp_AW4_DW32,1340,1308,2.9,544.0,5134,7620,10,77,0,0,76
dec_DW32,103,71,2.7,7.0,260,346,16,7,0,0,64
apbregs_AW6_DW32,7360,5279,3.5,2080.0,23616,34593,12,446,0,0,2123
encoder8to3_1,13,10,1.5,3.0,25,27,4,1,0,0,10
bnand_DW32,42,41,1.0,1.0,82,81,8,1,0,0,33
firfix_ACCW64_DW64_N16,5294,6286,3.4,1216.0,27799,82034,90,548,32,0,131
tv80_core,2307,2259,4.0,346.0,11193,17820,34,223,0,0,71
multiplier,6196,6068,4.5,191.0,33653,55042,108,660,0,0,256
s9234_1,299,260,3.7,19.0,1234,1909,163,33,0,0,67
bnor_DW1024,1259,1258,1.0,1.0,2516,2515,12,47,0,0,1025
ramsdp_AW10_DW256,616524,616268,3.0,262400.0,2470050,3707308,16,36376,0,0,536
mac_DW32_OW72,557,613,3.0,72.0,2435,9209,56,42,3,0,139
rom_AW14_DW32,112,80,2.2,32.0,254,316,6,6,0,0,48
regfile_AW9_DW256_RP2_WP1,422305,421793,3.4,131072.0,1853485,2862872,18,31637,0,0,799
shiftar_DW32,160,128,3.7,38.0,602,916,8,12,0,0,69
addsub_DW128,975,847,2.9,130.0,3327,4832,50,74,0,0,385
lfsr_DW16_LFSRW31,110,63,1.5,2.0,158,143,4,3,0,0,94
crossbar_DW64_N16,15038,14014,4.0,128.0,69599,110146,12,1442,0,0,2304
max_DW512,2706,2194,2.3,511.0,7306,9712,16,154,0,0,1536
fixed__medium__cholesky,6404,6512,3.2,2428.0,27434,50102,36,560,6,0,141
relu_DW32,96,64,1.5,31.0,158,156,4,7,0,0,64
bor_DW16,21,20,1.0,1.0,40,39,6,1,0,0,17
ramasync_AW6_DW1024,166891,165867,3.1,65536.0,672235,1011712,12,10419,0,0,2056
ifu_esl_htsm_ifu_esl_htsm,83,65,2.5,10.0,230,312,8,7,0,0,46
muxpri_DW64_N2,260,195,1.7,65.0,518,581,4,11,0,0,195
rambyte_AW10_DW256,623505,623249,4.3,262400.0,3288857,5330960,16,36347,0,0,556
hyp_default,47775,47647,4.3,409.0,252744,410066,8362,5455,0,0,384
ramsp_AW10_DW128,276,269,1.3,12.0,966,5010,4,1,0,7,268
max_DW32,169,137,2.5,31.0,480,654,10,10,0,0,96
firprog_ACCW32_DW32_N4,727,851,2.9,160.0,3296,12738,38,50,8,0,195
c880_NR2120,467,441,1.9,11.0,1283,1658,16,21,0,0,298
dffsync_DW128,514,386,1.7,128.0,1026,1152,4,22,0,0,258
ramspnc_AW6_DW64,10584,10520,3.1,4160.0,42856,64608,12,689,0,0,137
mac_DW16_OW40,213,204,2.7,40.0,759,2217,32,12,1,0,75
raygentop,5393,5297,2.9,2170.0,20788,38669,20,434,9,1,544
max_DW1024,5397,4373,3.0,1023.0,17613,25456,16,304,0,0,3072
rambyte_AW6_DW128,20964,20836,4.3,8369.0,109448,177096,12,1304,0,0,280
ramsp_AW6_DW1024,2084,2058,1.1,78.0,6732,58198,4,2,0,26,2056
proxy.s0p15.53,77585,84242,3.1,26336.0,365170,781449,40,6287,75,706,4277
fifosync_AW8_DW8,5045,5034,4.3,2082.0,26501,42923,14,308,0,0,23
s1423,170,165,3.5,50.0,740,1145,108,18,0,0,22
regfile_AW9_DW16_RP2_WP1,27362,27330,3.4,8192.0,120016,185340,18,2124,0,0,79
aemb__edk62,3490,3536,3.5,1129.0,16353,35446,34,264,2,5,256
fixed__mini__nussinov,1656,1587,3.4,497.0,7060,10877,30,119,0,0,144
add_DW512,3857,3344,2.9,27.0,12926,18651,72,313,0,0,1538
ramdp_AW8_DW16,11730,11698,4.1,4128.0,60013,96598,14,849,0,0,85
i9,286,223,3.0,95.0,886,1263,10,15,0,0,151
fifosync_AW8_DW64,39752,39685,4.0,16474.0,197496,315555,14,2403,0,0,135
PIC16F84_T400,1062,993,3.6,285.0,4627,7555,16,82,0,1,134
fifosync_AW6_DW8,1315,1304,4.1,540.0,6658,10697,12,81,0,0,23
muxhot_DW16_N32,863,847,1.6,16.0,2174,2638,8,36,0,0,560
s386,56,49,3.8,13.0,237,369,40,5,0,0,14
mux_DW16_N64,1398,1382,1.5,256.0,3463,4146,10,45,0,0,1046
rom_AW6_DW16,56,40,2.1,16.0,126,156,6,3,0,0,24
gray2bin_DW512,1535,1023,1.9,4.0,2968,3378,208,88,0,0,1024
bcdToseg_5,18,11,3.2,7.0,46,63,4,2,0,0,11
muxhot_DW512_N4,3588,3076,1.7,512.0,8196,9728,6,103,0,0,2564
proxy.s0p15.55,140056,150926,2.8,59935.0,582735,1331364,40,9639,245,132,978
ramsp_AW6_DW64,140,138,1.2,16.0,468,3694,4,2,0,2,136
sum_DW64_N8,1612,1545,3.0,10.0,6132,9107,68,128,0,0,579
mux_DW32_N16,708,676,1.5,128.0,1668,1952,6,22,0,0,548
axiram_AW6_DW256_STRB_WIDTH32,2109,1844,3.1,772.0,7516,11079,8,79,0,0,562
ifu_esl_ifu_esl,1120,1110,2.8,105.0,4182,6134,62,84,0,0,358
muls_DW8_OW16,34,33,1.6,21.0,86,645,4,1,1,0,32
ramdp_AW10_DW64,182777,182649,4.1,65664.0,935996,1506566,16,13053,0,0,281
addsub_DW16,95,79,2.8,17.0,298,422,16,5,0,0,49
S386,53,46,3.9,17.0,225,351,8,4,0,0,15
proxy.s0p15.6,210662,222438,3.2,73592.0,932724,1996948,40,16842,351,126,2027
i6,272,205,1.8,67.0,579,681,4,12,0,0,205
pipeline_DW1024_N8,18454,17429,3.3,8200.0,74824,113765,6,822,0,0,2053
regfile_AW6_DW32_RP8_WP2,13930,13674,4.4,2048.0,74307,121010,14,1269,0,0,391
fifoasync_AW4_DW1024,43169,42143,4.1,16404.0,214476,343640,10,2634,0,0,2056
S27,13,12,2.2,4.0,39,53,6,1,0,0,6
ramsp_AW10_DW64,145,141,1.4,16.0,521,2552,4,1,0,4,140
fixed__mini__jacobi_2d,2136,2069,3.3,574.0,8834,15119,38,158,1,0,244
sbd_sqrt_fp,687,653,3.3,200.0,2808,4276,46,53,0,0,69
pipeline_DW1024_N64,133254,132229,3.5,65600.0,591368,917253,6,6570,0,0,2053
addsub_DW8,42,34,2.6,8.0,121,166,10,2,0,0,25
ramdp_AW8_DW512,359260,358236,4.1,132096.0,1829526,2941556,14,25116,0,0,2069
reduction_layer,180607,180590,3.1,69887.0,745087,1128977,22,12808,0,0,54
rom_AW4_DW8,30,22,2.0,8.0,66,80,6,2,0,0,14
firprog_ACCW16_DW16_N32,2348,2812,2.8,529.0,10575,33270,60,172,16,0,547
band_DW256,334,333,1.0,1.0,666,665,10,11,0,0,257
ramdp_AW10_DW128,363411,363155,4.1,131328.0,1859400,2992234,16,25316,0,0,537
adder4bit_4,20,15,2.1,3.0,46,57,6,1,0,0,14
proxy.s0p1.43,167528,181001,3.2,54925.0,755949,1773729,40,14374,320,36,667
ramdp_AW6_DW64,12989,12861,4.1,4224.0,65326,104802,12,979,0,0,273
spmv,11454,14029,3.2,4307.0,66311,177314,18,1000,16,232,99
regfile_AW7_DW128_RP2_WP1,51529,51273,3.4,16384.0,225805,348808,14,3755,0,0,409
fifoasync_AW10_DW8,20068,20058,3.7,8236.0,93609,147092,16,1439,0,0,24
sub_DW1024,5916,4892,2.6,9.0,17446,24084,188,383,0,0,3072
dec_DW256,819,563,2.8,7.0,2138,2894,104,59,0,0,512
shiftr_DW32,160,128,3.7,38.0,602,916,8,12,0,0,69
cache_AW128_DW128_INDEXW6,605,717,1.6,140.0,2528,15584,12,27,0,8,389
dec_DW64,205,141,2.7,7.0,525,704,28,14,0,0,128
pipeline_DW8_N16,310,301,3.3,144.0,1296,1981,6,15,0,0,21
fixed__medium__gesummv,2296,2512,2.6,1267.0,9020,28340,36,241,13,0,293
S344,69,58,2.7,15.0,213,299,10,6,0,0,21
cache_AW256_DW256_INDEXW12,1711,2351,2.3,364.0,10895,36484,14,113,0,102,773
sum_DW64_N16,3204,3136,3.0,9.0,12445,18550,88,250,0,0,1092
rot,417,310,2.6,19.0,1123,1519,12,28,0,0,242
c8,72,54,2.3,13.0,180,234,6,4,0,0,46
mul_DW16_OW32,66,65,1.1,5.0,134,1253,4,1,1,0,64
too_large,738,735,4.4,97.0,3961,6449,14,85,0,0,41
ramasync_AW8_DW1024,619376,618352,3.0,262144.0,2475994,3714260,14,36114,0,0,2058
dffsync_DW512,2050,1538,1.7,512.0,4098,4608,4,86,0,0,1026
clmb,738,369,1.0,1.0,738,369,2,0,0,0,738
proxy.s0p1.50,23873,25980,3.1,8830.0,109144,249951,40,1908,53,90,559
proxy.s0p15.77,24178,27094,3.0,8004.0,110039,332256,40,2100,82,6,443
gray2bin_DW8,23,15,2.0,4.0,45,52,6,2,0,0,16
div_default,5261,5133,4.0,205.0,25802,41210,1704,571,0,0,256
fixed__small__jacobi_2d,2528,2515,3.1,795.0,10425,19839,38,183,4,0,256
rom_AW10_DW512,1548,1036,2.5,512.0,3606,4628,6,86,0,0,524
mul_DW64_OW128,1085,1359,2.9,98.0,5352,26336,76,105,8,0,256
absdiff_DW64,472,408,2.9,63.0,1605,2330,18,34,0,0,192
count,79,63,2.4,16.0,216,290,10,3,0,0,51
fifoasync_AW4_DW128,5520,5390,4.1,2068.0,27286,43662,10,368,0,0,264
bxor_DW256,342,341,1.0,1.0,682,681,10,14,0,0,257
regfile_AW5_DW64_RP8_WP1,12803,12291,4.3,2048.0,65093,105092,12,1143,0,0,631
ramsp_AW4_DW128,268,264,1.3,32.0,924,7388,4,2,0,4,262
mux_DW128_N32,5637,5509,1.5,1024.0,13701,16256,8,181,0,0,4229
bbuf_DW8,16,8,1.0,1.0,16,8,2,0,0,0,16
fifosync_AW6_DW512,80373,79858,4.2,33300.0,411486,662741,12,4845,0,0,1031
muxpri_DW32_N4,230,197,2.1,65.0,618,809,6,8,0,0,165
c432_CY1020,295,288,2.2,34.0,934,1285,116,17,0,0,145
ramdp_AW6_DW16,3378,3346,4.1,1056.0,16919,27114,12,252,0,0,81
fixed__mini__trmm,1855,1862,2.9,602.0,7258,14026,36,122,3,0,199
ramsdp_AW14_DW16,631585,631569,3.0,262160.0,2515480,3767806,20,37433,0,0,64
regfile_AW8_DW128_RP4_WP2,137959,137447,4.3,32768.0,728493,1181580,16,11675,0,0,823
firfix_ACCW16_DW16_N16,939,1163,3.4,304.0,5063,16664,40,88,8,0,35
crossbar_DW64_N4,1040,784,3.3,64.0,3344,4864,6,52,0,0,528
rambyte_AW8_DW1024,621254,620230,3.4,263168.0,2747000,4252516,14,36191,0,0,2186
lfsr_DW128_LFSRW7,215,80,3.1,13.0,332,369,6,7,0,0,175
rom_AW14_DW128,400,272,2.4,128.0,926,1180,6,22,0,0,144
S526N,58,52,3.2,21.0,221,332,10,4,0,0,10
max_DW8,38,30,2.2,7.0,95,122,8,2,0,0,24
gray2bin_DW16,47,31,2.2,6.0,99,120,8,3,0,0,32
sum_DW1024_N4,15059,14033,2.9,27.0,54313,79534,140,1289,0,0,5122
fifosync_AW10_DW64,157141,157074,3.0,65632.0,634660,955105,16,9494,0,0,135
cmp_DW512,1758,1755,1.9,4.0,5157,6801,16,94,0,0,1027
proxy.s0p1.99,110627,115347,3.2,37680.0,489941,937824,34,8801,120,90,1196
crossbar_DW256_N16,59336,55240,4.0,512.0,277604,440632,12,5753,0,0,8448
bxnor_DW512,681,680,1.0,1.0,1360,1359,12,23,0,0,513
c499_SL320,182,150,2.6,21.0,535,738,10,10,0,0,105
sum_DW32_N4,339,305,2.7,7.0,1128,1612,34,24,0,0,162
firfix_ACCW16_DW16_N4,268,312,3.1,81.0,1283,4146,24,22,2,0,35
ramasync_AW12_DW16,168918,168902,3.1,65536.0,693235,1048650,18,10701,0,0,46
muxpri_DW256_N4,1799,1542,1.7,258.0,4111,4881,6,52,0,0,1285
proxy.s0p15.23,108458,116880,2.9,44513.0,462105,1050108,40,7879,184,38,495
fifosync_AW8_DW512,317067,316552,3.0,131610.0,1280555,1927491,14,18930,0,0,1031
regfile_AW6_DW32_RP8_WP1,13837,13581,4.1,2048.0,69785,112152,14,1262,0,0,352
csa32_DW32,224,160,1.6,2.0,416,448,4,32,0,0,160
